0.33451924,0.35264254

0.24369213,0.2540354

0.14398931,0.21044193

0.15120097,0.21940906

0.29075408,0.39807445

0.52646875,0.5724133

0.3645848,0.36393288

0.20008895,0.22919278

0.2546586,0.24196212

0.43373936,0.4142181

0.26557258,0.30195236

0.2801245,0.32378024

0.15854795,0.21771751

0.22349866,0.34765446

0.12005341,0.1486461

0.10186352,0.119435236

0.1989796,0.21282187

0.15410262,0.21427937

0.083162025,0.10186351

0.10640211,0.12752832

0.190994,0.24277835

0.27523595,0.26386726

0.11368695,0.1218724

0.11321754,0.104441

0.24010672,0.2255548

0.4988042,0.49368653

0.22999212,0.23766242

0.18010582,0.23101132

0.17562401,0.26200116

0.45009512,0.63732135

0.22191676,0.26811627

0.18149532,0.22247143

0.24006407,0.24641633

0.57922834,0.611344

0.26193458,0.33105618

0.18937752,0.30268955

0.28595525,0.27570745

0.18457058,0.22117774

0.1032845,0.111526795

0.17098501,0.21464075

0.16905244,0.21827884

0.24424297,0.22664815

0.11391342,0.1206689

0.090153776,0.102318265

0.16890943,0.19156243

0.28917724,0.48612502

0.18008006,0.2284627

0.17243463,0.13557166

0.11397915,0.12369139

0.120053366,0.15131724

0.08458312,0.11635859

0.13096713,0.15597823

0.14141832,0.16376178

0.15841416,0.22119372

0.07310776,0.09654146

0.15281239,0.19028908

0.17022662,0.16217439

0.21575242,0.20509116

0.15186197,0.16120084

0.13096724,0.14179592

0.13596956,0.15032431

0.2653452,0.27409908

0.168484,0.18519597

0.19463198,0.20713753

0.26174983,0.24260782

0.43375093,0.44233516

0.2764865,0.33833215

0.3265087,0.32378024

0.3172468,0.34231117

0.20122582,0.35911995

0.16423318,0.16629775

0.13998413,0.15900181

0.16115104,0.20398921

0.2465307,0.38382

0.15144509,0.23696601

0.18252404,0.1901979

0.21674624,0.23590024

0.4283503,0.41049215

0.26997787,0.30868825

0.16470475,0.21077545

0.15526956,0.25405276

0.13602874,0.25195158

0.12842898,0.15926054

0.15051463,0.18151206

0.15788804,0.17605306

0.18140878,0.2531807

0.08052436,0.10972412

0.15538692,0.18457069

0.20295954,0.26634884

0.089016795,0.15256773

0.104478315,0.11925738

0.16473234,0.21020707

0.21668722,0.2701085

0.2211068,0.31581149

0.18166013,0.20719437

0.18440016,0.2764865

0.18892366,0.28535053

0.26692525,0.32480252

0.19754608,0.23984113

0.34197012,0.41109172

0.38562587,0.39809412

0.29103842,0.34810922

0.11550594,0.1582522

0.1564332,0.21597669

0.16610901,0.24238044

0.1906253,0.2189826

0.09038137,0.12555279

0.09094926,0.10822966

0.21566394,0.20628478

0.1294046,0.19809632

0.08258893,0.10453427

0.10348614,0.12779959

0.08780266,0.13776359

0.05491063,0.092313826

0.04069822,0.06275524

0.11656107,0.13351905

0.12390899,0.17644209

0.09778356,0.15245405

0.07154799,0.09771084

0.09276846,0.12369128

0.16631763,0.16646506

0.36378545,0.56601834

0.14877655,0.18672109

0.11975221,0.15779734

0.18470834,0.26280543

0.19304036,0.34697235

0.12551016,0.16552792

0.1701154,0.27284834

0.3965397,0.32378012

0.37268764,0.4230247

0.17135316,0.22412606

0.16210122,0.21889402

0.17565858,0.32514435

0.34232274,0.5863968

0.13068643,0.18840748

0.11424328,0.12210187

0.17644197,0.17896396

0.2772955,0.32157695

0.1723946,0.28317976

0.11512569,0.13722003

0.13096724,0.18415092

0.19508661,0.19548452

0.14668444,0.1725624

0.2630358,0.2966951

0.1399485,0.19645086

0.10675194,0.14178258

0.15643309,0.17462298

0.14340262,0.17089885

0.11879031,0.14368685

0.14066988,0.16143548

0.13869056,0.14794914

0.15505198,0.16231638

0.15279552,0.16916642

0.18067662,0.21809381

0.17356205,0.18917489

0.2055459,0.21782409

0.25102064,0.28684932

0.31950676,0.37572223

0.16916612,0.17462309

0.20554592,0.21645986

0.17563029,0.19666056

0.21217483,0.2422139

0.1102608,0.115108036

0.20146029,0.22477008

0.30550238,0.32937843

0.3258852,0.37691104

0.15097623,0.14538692

0.23790492,0.24550728

0.3300792,0.2804238

0.34943083,0.36060056

0.17138879,0.16505297

0.18883394,0.17377044

0.31729996,0.26307133

0.4474715,0.4714683

0.22319844,0.21876644

0.2353251,0.24357405

0.3043149,0.32324022

0.36750346,0.3858648

0.20193547,0.21577772

0.29506874,0.29922363

0.33111304,0.39313808

0.31249282,0.30851775

0.28830993,0.287944

0.27776176,0.27593878

0.33089176,0.3261271

0.29244527,0.32119474

0.15097612,0.1754985

0.12830102,0.1471877

0.09861267,0.1528635

0.090039976,0.13034196

0.069902845,0.07730714

0.110958435,0.13096732

0.13498367,0.1731074

0.27694124,0.35538515

0.19393343,0.19291623

0.13251632,0.15823708

0.24346092,0.24532653

0.18417391,0.180877

0.14984316,0.15905179

0.12926815,0.14939073

0.14885248,0.14260992

0.24348123,0.23340929

0.18371804,0.18735602

0.1400623,0.15279523

0.17589718,0.21824686

0.15681289,0.19448987

0.1455368,0.1455901

0.15225787,0.16621026

0.16189016,0.2462458

0.19484337,0.27214774

0.07973366,0.085421555

0.08483891,0.11709756

0.14965373,0.18326329

0.14137058,0.1798074

0.11057566,0.13312739

0.13284141,0.15011825

0.17366475,0.21255009

0.13477585,0.1638326

0.07366917,0.09004008

0.12914923,0.15021949

0.1988295,0.28115565

0.20588431,0.31258208

0.09964929,0.11004875

0.17695367,0.22390634

0.15099044,0.19690572

0.17347468,0.21558145

0.12085255,0.12894918

0.11709756,0.14540558

0.1728041,0.2401067

0.27544865,0.39267445

0.13100153,0.12880729

0.17826107,0.28459558

0.42813674,0.45474747

0.37448454,0.46145365

0.13920964,0.13551483

0.13164946,0.1611512

0.062942654,0.071684994

0.07270278,0.07979044

0.066600494,0.07266186

0.08401735,0.112578504

0.09561063,0.108937755

0.12252599,0.16700597

0.040358804,0.0559339

0.06435652,0.09475798

0.119257495,0.1256142

0.08604762,0.09481483

0.040734705,0.045858603

0.07229428,0.111754276

0.13039847,0.14417411

0.14188017,0.17999457

0.06921653,0.087529875

0.11187658,0.12596841

0.13287337,0.18587808

0.24329083,0.18570755

0.12570444,0.14625822

0.18934998,0.2259527

0.16834012,0.23813939

0.22475915,0.31308228

0.15018031,0.172804

0.20466828,0.2725642

0.3112178,0.2707453

0.32122126,0.33989435

0.2302728,0.24644475

0.2806573,0.32584223

0.26750514,0.39083937

0.39455515,0.38483006

0.13932332,0.16345336

0.2198136,0.24851952

0.18706182,0.24608926

0.2860362,0.3423396

0.13278632,0.16945033

0.21738355,0.22174607

0.23548418,0.21677916

0.3093418,0.29467618

0.1642414,0.18183243

0.28347823,0.39466307

0.09402623,0.12005341

0.13914925,0.17212199

0.09526968,0.14620139

0.12768753,0.13306278

0.19484907,0.23162144

0.2625003,0.4004335

0.16761704,0.17721248

0.11026159,0.14402658

0.080815464,0.118234426

0.13062629,0.17749146

0.13353951,0.17290159

0.13022749,0.18164235

0.15768376,0.20031632

0.21742618,0.26043177

0.211806,0.27563384

0.21650337,0.23175073

0.2583124,0.33443683

0.2502002,0.28835547

0.18650377,0.19289866

0.18661708,0.3029436

0.29794222,0.25386283

0.3355606,0.33844584

0.19321088,0.19889523

0.19724658,0.21550931

0.25980818,0.28416026

0.18231428,0.22570401

0.085890405,0.102484465

0.08651579,0.1028867

0.17763895,0.19171746

0.21007995,0.25125325

0.20238355,0.21530122

0.18906799,0.22800928

0.17838143,0.22248347

0.25207448,0.27120006

0.087217234,0.10383861

0.12227031,0.11675649

0.124714576,0.17223567

0.24145852,0.22099222

0.1115269,0.124970146

0.17070612,0.17532198

0.35282356,0.35299763

0.15612052,0.23226228

0.08434136,0.109261654

0.10408015,0.11611541

0.10658235,0.11232265

0.22580527,0.24408397

0.13818635,0.13272938

0.2464607,0.2698624

0.13386637,0.14752832

0.15666057,0.1798527

0.12956847,0.12839608

0.17652014,0.17421086

0.25987658,0.28546765

0.20878598,0.20452273

0.13642417,0.15545939

0.10572876,0.12434542

0.14093792,0.16015011

0.1766348,0.17797062

0.14188127,0.14733824

0.17648916,0.18138745

0.22453028,0.21927048

0.21127288,0.21609658

0.13250479,0.14881706

0.14057389,0.15430157

0.23924327,0.26225066

0.22287427,0.22032076

0.12891869,0.13142201

0.16479273,0.16234492

0.17689683,0.1718946

0.26876113,0.2575212

0.19912258,0.1946888

0.20944469,0.20699997

0.24452451,0.22743861

0.40423363,0.39882597

0.27051783,0.25562486

0.3950048,0.3821582

0.42564362,0.41472968

0.47131687,0.4314954

0.18835223,0.19432789

0.39153758,0.40051883

0.38198787,0.36743596

0.52045846,0.4715731

0.37245595,0.31348866

0.27284753,0.28790525

0.2940659,0.30009753

0.42255154,0.4017433

0.26083112,0.30393887

0.2674874,0.3278351

0.3440902,0.34370205

0.73100644,0.63960224

0.24385837,0.2515915

0.29081103,0.27614543

0.2912658,0.28990152

0.4154118,0.39575553

0.21112056,0.21026081

0.26193458,0.27523595

0.16404401,0.20364165

0.1462298,0.18983138

0.08094514,0.11641543

0.12902933,0.15100466

0.1591306,0.17880109

0.12999924,0.1878392

0.07402135,0.10451695

0.12914836,0.17234226

0.2014532,0.25852397

0.20463553,0.26371714

0.12126755,0.13733381

0.17177427,0.22899382

0.18493968,0.20369357

0.3992136,0.42868337

0.13599661,0.16098018

0.14116846,0.2220984

0.26221347,0.24821223

0.28819624,0.2742696

0.188905,0.19431934

0.23084034,0.2336541

0.26532653,0.26375356

0.5461508,0.55251724

0.1384306,0.15152146

0.22919266,0.24374458

0.11210055,0.18734348

0.18991475,0.28545344

0.215161,0.24249403

0.27666846,0.29604053

0.16973455,0.23646873

0.22459102,0.2600542

0.11004884,0.114702895

0.2215907,0.3183089

0.32855505,0.36164016

0.3585909,0.3975304

0.19648461,0.19508661

0.33793414,0.29831427

0.3016032,0.27142555

0.4246884,0.4543389

0.14726473,0.18613386

0.23731428,0.26368785

0.26939788,0.24192254

0.41511422,0.362626

0.22723539,0.21246588

0.22897239,0.26217252

0.29707584,0.34573382

0.5629027,0.6648931

0.20338334,0.19598193

0.2816072,0.28495654

0.2666139,0.29790708

0.37392983,0.3927672

0.19512753,0.18321617

0.2585914,0.24905506

0.29081103,0.26329884

0.319326,0.31488866

0.15695633,0.14840406

0.37322068,0.34197012

0.29473323,0.34475544

0.6432882,0.6267912

0.32618186,0.33901426

0.28166014,0.46316028

0.26602727,0.29228893

0.3525128,0.3793109

0.15643318,0.15813848

0.23973721,0.34469858

0.3340058,0.356248

0.35686308,0.4557706

0.29576164,0.30155432

0.33912438,0.352543

0.366292,0.41546866

0.2513759,0.29350534

0.09549706,0.12892099

0.10732049,0.14767931

0.15837376,0.17640734

0.15595575,0.17615825

0.110807806,0.12551315

0.16168317,0.20631324

0.19682223,0.24010672

0.1813052,0.3107914

0.08644463,0.13585578

0.12140955,0.22009772

0.1674545,0.19201706

0.05786671,0.08087808

0.05366019,0.061731957

0.09088652,0.12516932

0.123918764,0.19576885

0.33087888,0.37638336

0.111754164,0.1416538

0.12428014,0.18513902

0.15728742,0.18272308

0.18455833,0.2375213

0.13387702,0.15061964

0.15145323,0.18954897

0.16461861,0.15199937

0.12732936,0.15973012

0.07371669,0.09552903

0.074805945,0.08867574

0.05661605,0.090130575

0.06024781,0.07640644

0.06495893,0.11321544

0.25193003,0.28182968

0.13198958,0.15455465

0.17132607,0.25126925

0.061191894,0.10020558

0.09640497,0.146639

0.1534791,0.17280409

0.12551038,0.14806123

0.050643593,0.07372291

0.09117695,0.105842546

0.11868895,0.16737534

0.118461795,0.13631062

0.069235176,0.08236623

0.1508634,0.17405462

0.2274879,0.24374467

0.45838544,0.56024885

0.1970647,0.2416073

0.24869007,0.33361414

0.47028348,0.41995928

0.30889258,0.2858701

0.22747216,0.2255548

0.23494463,0.24531499

0.35003144,0.3563082

0.4888535,0.47410443

0.3156425,0.3105719

0.400605,0.4131381

0.60806924,0.5784707

0.6474111,0.62914306

0.36561698,0.42829573

0.45186797,0.48070446

0.6253639,0.6415767

0.3066135,0.47802484

0.121701874,0.15711533

0.26153135,0.28393474

0.34947345,0.3870203

0.35005876,0.39444548

0.15532476,0.21040602

0.2419257,0.2521575

0.19565596,0.2513372

0.38398623,0.4640382

0.16137852,0.18678753

0.37265795,0.39510044

0.27684078,0.38600856

0.20241497,0.29155967

0.2360001,0.22463143

0.25502533,0.42061287

0.2482281,0.30447823

0.2690701,0.3767582

0.40399507,0.539103

0.4199592,0.469754

0.38629055,0.38403416

0.42453596,0.40532732

0.2263505,0.31150195

0.2959242,0.33833203

0.3341496,0.36717075

0.38886583,0.5384777

0.2996785,0.30649972

0.49403325,0.5711627

0.4639969,0.48075548

0.74724185,0.77400357

0.4609815,0.53989124

0.35355988,0.49759758

0.24760994,0.26125234

0.28308022,0.3092282

0.257387,0.268642

0.23828761,0.2626166

0.17359181,0.2089422

0.182105,0.19334935

0.100431,0.124060765

0.108225435,0.12482815

0.030695451,0.039108276

0.05586909,0.07138468

0.101749726,0.10746249

0.20622793,0.2220304

0.37555027,0.37918514

0.26633984,0.3096794

0.20128255,0.26719248

0.17915714,0.20497736

0.40161613,0.41208598

0.4820327,0.5509269

0.24886099,0.27387208

0.34515375,0.36686793

0.39288488,0.37295595

0.37357545,0.39267483

0.28995875,0.2871166

0.3859673,0.43724006

0.38654146,0.4414744

0.49703884,0.6002665

0.23874237,0.27853274

0.2851266,0.32423487

0.36741683,0.38825616

0.3679604,0.39545307

0.20504448,0.20389695

0.23382501,0.23975717

0.20622437,0.20457947

0.2883356,0.39936852

0.19530778,0.24488145

0.49294615,0.5153478

0.33631766,0.3828973

0.3728733,0.3899796

0.28535396,0.30991033

0.29656723,0.3101377

0.28834847,0.28873882

0.29240078,0.28934723

0.11110136,0.122383885

0.122583285,0.15239722

0.17577362,0.18179236

0.12907897,0.14787816

0.092801325,0.14273383

0.15114044,0.1677365

0.27284843,0.29467627

0.1440954,0.16377655

0.095496945,0.1153353

0.11721069,0.12746294

0.08935786,0.09458745

0.08746115,0.11836932

0.09913493,0.1056062

0.12636514,0.14193624

0.20159785,0.20480506

0.11959678,0.15037927

0.22441782,0.22646418

0.20553693,0.27002046

0.4219496,0.3981402

0.10324453,0.12721558

0.18376012,0.16052671

0.25158897,0.36765257

0.47565508,0.4870344

0.39797142,0.5181491

0.28378367,0.32285997

0.22988367,0.2615721

0.12670133,0.1577023

0.112322606,0.20065728

0.15785418,0.23322855

0.25016877,0.32537174

0.56525093,0.59048945

0.23754865,0.4141807

0.23909053,0.2849001

0.3616494,0.3730891

0.37084115,0.38474068

0.30624703,0.3330687

0.1978524,0.23592062

0.21164492,0.24334934

0.45747584,0.44474292

0.26290348,0.3688001

0.31385204,0.37516657

0.78625816,0.7273684

0.52086073,0.62563294

0.35074705,0.5198571

0.4547332,0.42928156

0.8382131,0.7825066

0.86714685,0.6708909

0.8185404,0.5953625

0.506264,0.8468249

0.83597755,1.5137239

0.5152456,0.63920426

0.5942873,0.6982255

0.65726626,0.6907115

0.50950354,0.5111902

0.6319172,0.6138006

0.47599348,0.52371794

0.5207985,0.5268994

0.7369181,0.7435119

0.5067604,0.48963144

0.20500934,0.20809132

0.11630164,0.17212188

0.28376234,0.31832314

0.29483882,0.37905678

0.20168045,0.2663967

0.29606852,0.28527713

0.3821219,0.36509907

0.3351488,0.3160494

0.45245808,0.38095304

0.3517755,0.3538081

0.46678662,0.4820384

0.5101986,0.53633237

0.6015415,0.69254166

0.3998935,0.50302964

0.50773126,0.54492813

0.56024873,0.68394

0.67143446,0.725322

0.5002105,0.527526

0.6089067,0.82036424

0.765616,0.83218765

0.5449099,0.6583036

0.29196203,0.400604

0.59066176,0.5584315

0.59691274,0.7500667

0.57981175,0.67007023

0.45058802,0.54194605

0.5502709,0.7588197

0.51421976,0.63921314

0.2642251,0.3830678

0.3058971,0.29659563

0.41989833,0.47558045

0.31347814,0.31305537

0.53671557,0.55186254

0.5680212,0.6512551

0.26568615,0.28140712

0.20778047,0.2081233

0.16255885,0.1873559

0.14361845,0.14551915

0.22464874,0.21536729

0.24331293,0.22473578

0.20899904,0.19210234

0.13701485,0.13195

0.27195668,0.25357848

0.3760192,0.29695

0.29769966,0.2730207

0.29695,0.2850129

0.62982506,0.63027984

0.49466652,0.5275931

0.6904548,0.7437819

0.79570127,0.8897842

1.0734276,1.2399157

0.5837766,0.6011058

0.37197447,0.40335202

0.21827517,0.23859315

0.109502636,0.13312729

0.102065526,0.18984686

0.18635675,0.24150287

0.103738405,0.13329121

0.24588005,0.26283583

0.23250335,0.2602767

0.13329871,0.15946178

0.15391244,0.21211122

0.11846169,0.17644198

0.16052581,0.21341862

0.24138291,0.28207392

0.2567049,0.27625903

0.31432858,0.34151527

0.48652726,0.49180126

0.2813736,0.2453362

0.23476332,0.24328984

0.20664005,0.22652103

0.11732482,0.12597923

0.050718546,0.06764367

0.06355095,0.11195312

0.14051694,0.16109425

0.18201263,0.20909852

0.105046645,0.13255885

0.1425633,0.14904344

0.15995738,0.17735147

0.28127694,0.28697106

0.30007958,0.33794352

0.20619245,0.21783869

0.10509755,0.12295837

0.05290435,0.06447465

0.15845236,0.2278795

0.09398038,0.12737012

0.13094148,0.14744383

0.23071146,0.22410163

0.1364402,0.14824764

0.1339231,0.17685409

0.54121244,0.5439764

0.82187945,0.87159616

0.49813846,0.73871756

0.29433346,0.3444658

0.15385427,0.17951152

0.11341317,0.14615853

0.23203497,0.25818294

0.20930547,0.21351454

0.12755662,0.13153566

0.09340795,0.09413271

0.098566495,0.115960576

0.06544098,0.12447288

0.25553605,0.27411762

0.2700027,0.29332626

0.22838265,0.2096634

0.30358738,0.18170132

0.3663896,0.38450664

0.107206695,0.12209967

0.07239642,0.111548215

0.078699715,0.09789148

0.1275513,0.13924062

0.15733193,0.1569731

0.17416735,0.21164227

0.18631497,0.23163694

0.41623595,0.4811165

0.4508243,0.45991835

0.16560443,0.19445956

0.28080562,0.30343017

0.35353142,0.40148774

0.3265086,0.40750426

0.2831362,0.2789422

0.19350521,0.2326317

0.30249226,0.30869174

0.428372,0.45292836

0.28925484,0.48525006

0.29880455,0.48580518

0.47293726,0.5702123

0.39960036,0.5433396

0.43358383,0.5685212

0.47221783,0.7062173

1.1333334,1.4995986

0.6623111,0.9565042

1.0234907,1.2540795

0.668706,0.72873265

0.66393113,0.64255804

0.7270158,0.5722374

0.4674332,0.4114522

0.34101078,0.32303405

0.5352421,0.52732664

0.28705928,0.2826255

0.33878678,0.32343906

0.31241143,0.2996785

0.2676166,0.24011505

0.32366022,0.30213964

0.23840131,0.22794211

0.2221574,0.24558222

0.3877858,0.39278802

0.28626347,0.33455727

0.21784618,0.20004621

0.13458835,0.16581225

0.307288,0.2824936

0.49279693,0.45183945

0.5787033,0.4595817

0.48339644,0.463956

0.837872,0.72850525

0.7477841,0.73776364

0.68306607,0.5186105

0.61459106,0.5923084

0.9258656,0.9085852

0.7764811,0.77466214

0.63209885,0.7446488

0.41501382,0.42933834

0.45260862,0.48420912

0.4011227,0.46018302

0.43587533,0.4898766

0.26443824,0.2686935

0.544901,0.630811

0.41961813,0.5455831

0.44599348,0.45054093

0.69895643,0.78826547

0.6249139,0.52205706

0.6325536,0.80717653

0.36738434,0.4311005

0.21471536,0.23538505

0.2943388,0.2828813

0.24647307,0.26466295

0.16825652,0.23216185

0.17462298,0.21850611

0.1805347,0.20611957

0.1074767,0.10476243

0.1741669,0.17898439

0.09572432,0.12067858

0.12520474,0.12935609

0.08708412,0.094319224

0.20554581,0.2401066

0.12361667,0.1651035

0.13960744,0.1555236

0.22296122,0.22760816

0.15825297,0.1522178

0.14695445,0.15547386

0.21684165,0.228221

0.2545093,0.25465852

0.23669778,0.29101345

0.35288483,0.38562664

0.47655746,0.51577944

0.6481633,0.6978098

0.5178276,0.526704

0.3747118,0.30103654

0.48739237,0.4902523

0.6402847,0.73918295

0.43088245,0.47535843

0.29726267,0.31079316

0.14907232,0.16667601

0.1468834,0.15143088

0.1262901,0.13460521

0.11641533,0.13096724

0.13832003,0.19349855

0.10097034,0.14471535

0.13747093,0.22930723

0.19191538,0.22698776

0.2771765,0.31767565

0.098566495,0.1618905

0.13441648,0.16441959

0.14621104,0.15910473

0.31845903,0.34838977

0.4499725,0.46941295

0.60317975,0.63134384

0.20497738,0.28092018

0.2952465,0.36766148

0.4590537,0.4659575

0.21602897,0.23533176

0.15459856,0.20497471

0.1555236,0.19258551

0.13028511,0.15572254

0.18737367,0.2928573

0.1300926,0.15533264

0.06230039,0.09464429

0.073306255,0.06967227

0.061987754,0.0770335

0.12182526,0.15648998

0.19052677,0.21120179

0.6896142,0.7784214

0.36948982,0.4058696

0.25091523,0.23568119

0.637681,0.5574181

0.61015373,0.61391693

0.72995657,0.71166587

0.585934,0.5644747

0.6243446,0.6182792

0.5523795,0.69041485

0.7555174,0.95837915

0.5381802,0.5791954

1.1373711,1.5331807

0.9897914,0.9302293

0.6612338,0.67138344

0.5320132,0.57843643

1.1331154,1.2634188

1.4254731,1.33522

0.87307537,0.8948735

1.6655401,1.5383846

1.0513359,1.3904145

1.4312258,1.3149375

1.7952476,1.7184596

1.5158812,1.4158639

1.5821762,1.6537722

1.8046933,1.6241888

1.1596057,1.2132837

0.4897629,0.48056048

0.53838444,0.6284835

1.004623,1.026617

1.0963959,1.2311147

0.8586767,0.8946017

1.0027179,1.1158061

0.689055,0.7352714

1.4990848,1.567352

0.3849876,0.4223173

0.61868376,0.5122729

0.6124203,0.5819931

0.89639187,0.8423409

0.837747,0.789214

0.56888896,0.8160015

0.53193897,0.50473136

0.2761187,0.31063595

0.25488588,0.2796696

0.261144,0.3251346

0.3139627,0.3355463

0.38930997,0.37056497

0.3310175,0.36970964

0.50782806,0.53876686

0.7698722,0.839675

0.4606142,0.51340973

0.5335892,0.6513725

0.64151263,0.8221832

0.8395347,0.9257519

0.69512665,0.6734808

0.35288393,0.3274181

0.7934737,0.6899006

0.534783,0.4888535

0.8556073,0.75601757

0.73396236,0.68621385

1.1037323,1.0923033

1.5716069,1.4124453

1.3472033,1.6880221

1.5754491,1.6694983

0.9814478,1.6513653

0.9115073,0.92937213

0.7405401,0.76608676

0.6910028,0.8091918

0.84707266,1.024615

0.84034514,0.795803

0.83725965,0.89349735

0.8037833,0.8685946

0.5847612,0.660966

0.5482308,0.5955663

0.699524,1.0359144

0.42403415,0.74331653

0.6774359,0.81541795

0.6529421,0.64946806

0.3689471,0.41848126

0.23165558,0.2596199

0.17848834,0.20168045

0.18313845,0.19057871

0.22672535,0.25841245

0.24360897,0.30488685

0.4993122,0.7775734

0.7844392,0.8209913

0.111640476,0.13531576

0.097475365,0.10076918

0.1373337,0.14736746

0.29201758,0.31032205

0.31576037,0.34963015

0.3000565,0.31746656

0.18786977,0.2001595

0.15977359,0.16378638

0.18405417,0.19623375

0.16998453,0.1875829

0.27762374,0.3545569

0.4102963,0.43602327

0.32203,0.4359833

0.2230452,0.25867537

0.5484124,0.63918734

0.7459975,0.78809273

0.40521187,0.42684433

0.21350388,0.21987034

0.18326318,0.21191227

0.43113512,0.5255556

0.4728289,0.48266104

0.18131363,0.20952484

0.2546443,0.2897398

0.2821965,0.27857184

0.18626079,0.19152413

0.0700311,0.10044233

0.06389201,0.11499424

0.10328449,0.1335252

0.1948024,0.22140512

0.24539615,0.2684355

0.29583713,0.3817755

0.8412009,0.84915096

0.67336714,0.71304387

0.3701519,0.5452154

0.53406525,0.70576787

0.679945,0.72474825

0.3552385,0.34761482

0.41419846,0.54841644

0.7808687,1.1108776

0.9458745,1.0040822

0.98825485,0.962566

0.5580208,0.66931707

0.39290127,0.41472915

0.1419052,0.16129059

0.2796781,0.29102904

0.24384099,0.24973139

0.5059673,0.5700929

0.9458745,0.90221876

1.047738,1.0040822

0.42645177,0.47828054

0.55252427,0.6654437

0.577316,0.6358016

0.73987395,0.8143388

0.300191,0.30621818

0.27131808,0.28566393

0.1577476,0.14320101

0.10254553,0.12425972

0.18007995,0.19281287

0.2910383,0.36175153

0.32960835,0.3645484

0.25380763,0.29502624

0.33217874,0.37215388

0.21280272,0.2638623

0.05775327,0.107434414

0.07889867,0.097429626

0.15506884,0.15256774

0.1517284,0.15013146

0.07655654,0.09958967

0.104654066,0.11039347

0.13350743,0.13570656

0.3055902,0.3055902

0.54056585,0.5530838

0.116074264,0.13665159

0.09924861,0.108400404

0.13903901,0.15882052

0.11057338,0.1197718

0.12136475,0.14083718

0.16271254,0.16580962

0.105502725,0.13168667

0.1891749,0.19099389

0.14006218,0.15097612

0.15438673,0.13190871

0.12719603,0.1352749

0.10709212,0.14188118

0.07063683,0.088846266

0.07725021,0.09148949

0.14370106,0.15825297

0.1891079,0.1958505

0.23881303,0.2667036

0.27777654,0.31053522

0.1814145,0.20688035

0.21498142,0.22528607

0.36761132,0.4602972

0.2275225,0.24297681

0.3325065,0.42347687

0.24359453,0.2928991

0.330505,0.37775344

0.17787376,0.14280982

0.08621463,0.119508885

0.21464078,0.221462

0.21404172,0.21057738

0.07565531,0.101608776

0.28625283,0.32021502

0.84401107,0.87554055

0.93059784,0.8082992

0.15666668,0.17115554

0.39455062,0.28856564

0.23051211,0.2222343

0.23247232,0.18575947

0.21322194,0.1987313

0.36170584,0.33524168

0.40950176,0.40699887

0.6982806,0.6999663

0.6116889,0.68115026

0.71391606,0.93371

1.2624923,1.1486918

1.4453168,1.4019008

1.1650796,1.1786332

1.2008785,1.2678734

1.0155059,0.92040867

0.8939418,0.97676533

1.0040591,0.7811902

1.3837962,1.2435067

1.3382113,1.3666925

1.3737811,1.228436

0.70902485,0.93449336

0.7481455,1.0998375

1.2637429,1.2170141

1.2087789,1.2192913

0.5735421,0.63437253

0.751498,0.6274523

0.850271,0.8001155

0.91418916,0.9855654

0.56356966,0.57266635

0.67849773,0.6969088

1.0040822,1.0040822

0.62813044,0.6021077

0.20569858,0.20750113

0.345608,0.3317382

0.5029222,0.480199

0.29770854,0.28745362

0.21566394,0.2073648

0.29012883,0.27603164

0.3835785,0.37727422

0.423233,0.4105374

0.5308607,0.5058172

0.6658638,0.59219474

0.7250947,0.6921255

0.9362573,0.97645

0.7063492,0.76920515

0.8564518,0.84849286

0.8019079,0.8127241

0.7575545,0.7491954

0.41820726,0.41316772

0.4935483,0.47761086

0.5205187,0.55863893

0.35398883,0.3628422

0.1998796,0.19877781

0.21337959,0.24533802

0.1845244,0.1675904

0.21691449,0.25678658

0.25260794,0.23969093

0.15482727,0.1678302

0.23021585,0.24829206

0.22782843,0.2636611

0.16708413,0.18836223

0.22282709,0.23646419

0.1803091,0.18424551

0.2634444,0.3141407

0.17280403,0.22632654

0.46884453,0.42541617

0.38767213,0.37607607

0.49110493,0.476855

0.48349857,0.4617089

0.6247971,0.6659171

0.47334403,0.45757532

0.80467546,0.8483312

0.44309446,0.43132788

0.43246472,0.40904525

0.43400216,0.5480185

0.22160184,0.2987832

0.1856873,0.19185792

0.2948921,0.28829384

0.581116,0.5519909

0.49203664,0.48963678

0.10213253,0.10068213

0.17826097,0.16439117

0.1683702,0.17030288

0.4782752,0.4538956

0.60369134,0.58600944

0.24255887,0.21809576

0.1986109,0.19490366

0.6580185,0.63063246

0.30856028,0.33184698

0.50419223,0.5176166

0.8476988,0.84401107

0.56129855,0.68175685

0.2556817,0.28086334

0.52568793,0.52045834

0.3927299,0.42533362

0.67485356,0.61242527

0.25176844,0.31386277

0.42730036,0.4443143

0.67909145,0.5848859

0.48727098,0.52547866

0.3767014,0.4184245

0.5303656,0.43541577

0.66211224,0.58935267

0.62612504,0.54603267

0.4713089,0.48805147

0.6548363,0.62822694

0.7346445,0.68365854

0.86213094,0.8585631

0.6345432,0.59361815

0.57835525,0.6580408

0.5499566,0.5462494

0.68121165,0.64949304

0.41882485,0.4197317

0.36960736,0.32705206

0.40815124,0.38719934

0.38822985,0.3691007

0.27328056,0.2381662

0.30234784,0.29797712

0.46592164,0.49466932

0.6191746,0.5268089

0.51561344,0.7161704

0.52386904,0.5093171

0.694048,0.6385799

0.55460554,0.54582036

0.4807022,0.652773

0.37670264,0.46476156

0.51532835,0.63093805

0.55923456,0.79103315

0.38312477,0.4019559

0.288651,0.27250746

0.2513994,0.28080878

0.3642709,0.41999343

0.13740703,0.15585095

0.1328258,0.15489349

0.09549706,0.12121248

0.14436507,0.15180978

0.18325974,0.2132553

0.18161194,0.19699165

0.12184864,0.115098484

0.10759404,0.10702117

0.082770795,0.09274415

0.1314403,0.1311019

0.26422247,0.25409102

0.33857766,0.35174403

0.097564235,0.09460172

0.16584562,0.17426822

0.45672593,0.6517073

0.39045838,0.5525758

0.20587777,0.21008417

0.20791954,0.22952004

0.23710734,0.23321311

0.20013602,0.23689684

0.19224456,0.22857638

0.20574576,0.30386725

0.121584184,0.14027013

0.18008006,0.21082969

0.16141722,0.16888191

0.13411194,0.13935575

0.10822998,0.10913948

0.051271986,0.08167167

0.09786938,0.11914214

0.0609931,0.06997436

0.06377132,0.08733559

0.14739199,0.1682915

0.076705866,0.11468704

0.13793023,0.13819313

0.3119639,0.31434822

0.22441792,0.28751412

0.1324919,0.13864477

0.1541719,0.1635111

0.27423498,0.3048416

0.2546724,0.4802133

0.11203849,0.12897784

0.19820423,0.21045576

0.18604773,0.19151802

0.32666236,0.30901605

0.21293555,0.20776059

0.2829844,0.26149493

0.20689599,0.22363105

0.23156214,0.24539196

0.1405704,0.16786456

0.22857867,0.31368792

0.24853463,0.22726409

0.5245237,0.9094948

0.20904489,0.25262293

0.18975322,0.3047377

0.23334058,0.3324364

0.3386571,0.41261217

0.18735595,0.23283069

0.21322499,0.28740034

0.28062972,0.34924597

0.44143555,0.42937586

0.23354197,0.25375068

0.20434232,0.20143177

0.3444871,0.34632742

0.2732003,0.2812774

0.1612502,0.15644604

0.18718886,0.16127892

0.22300571,0.21000455

0.21051985,0.17959704

0.17048383,0.1673006

0.22378214,0.20286375

0.22322111,0.21836987

0.5413777,0.48862702

0.18064938,0.25863856

0.2859234,0.38926473

0.3302022,0.38818914

0.6470887,0.8840156

0.42298353,0.56377226

0.26208025,0.42149052

0.37296432,0.34163916

0.34476066,0.31196913

0.20074326,0.21704689

0.20078921,0.18445162

0.29193148,0.2924764

0.33053306,0.32476255

0.15577018,0.14680624

0.20185108,0.18974344

0.23021595,0.2144135

0.2678462,0.25204372

0.18520652,0.19130741

0.23419489,0.23032953

0.282853,0.27592432

0.40313363,0.3872175

0.136538,0.1507644

0.21384484,0.21140057

0.224624,0.23081015

0.34090608,0.3584547

0.20236535,0.23752832

0.26813895,0.34213445

0.34231207,0.33052593

0.2509487,0.2272219

0.18008006,0.20372692

0.19094071,0.20978786

0.3411152,0.3575829

0.49129373,0.5338055

0.22578834,0.22976115

0.2383121,0.23914388

0.3284254,0.31683734

0.45929495,0.4248478

0.20081103,0.16746083

0.25795555,0.24137236

0.2609114,0.25295332

0.4422419,0.4189361

0.20371582,0.19321667

0.26750523,0.26252967

0.35295334,0.32244885

0.6912161,0.6954225

0.30821136,0.374314

0.44383353,0.49476522

0.37471193,0.38562587

0.28355995,0.3036541

0.12624924,0.12732926

0.20041446,0.17308788

0.2860886,0.29831436

0.545426,0.54751414

0.15499768,0.15256763

0.23511449,0.25288427

0.26645097,0.24951963

0.4812365,0.4707773

0.21509428,0.20081504

0.32585058,0.34575287

0.3584627,0.32666415

0.32196036,0.31064674

0.24829216,0.25931978

0.19372249,0.19334678

0.39189819,0.34310877

0.5204904,0.63643414

0.1607533,0.16922297

0.15677427,0.16626711

0.3302655,0.30961555

0.32506454,0.5003925

0.18173552,0.19826984

0.22737357,0.23101154

0.37700564,0.35311186

0.5697983,0.6222648

0.35652193,0.37834978

0.18496837,0.21725543

0.38926384,0.35470304

0.29659107,0.3005879

0.170985,0.18189894

0.16007096,0.18007983

0.30818197,0.304965

0.3551191,0.38291642

0.23220854,0.26733467

0.20412433,0.20781915

0.2615367,0.24374469

0.4680488,0.41541183

0.24667813,0.27648628

0.270883,0.4022357

0.2946764,0.27284852

0.35652182,0.48112258

0.1873558,0.20372671

0.19463198,0.23646873

0.3437456,0.38886595

0.377132,0.40398607

0.1626983,0.19520396

0.11812074,0.12533985

0.12120227,0.13995661

0.15990464,0.15739043

0.08640189,0.097031824

0.24089786,0.3094608

0.13247903,0.17901647

0.19087897,0.26648185

0.12715484,0.13382773

0.1621584,0.22176316

0.24085633,0.26921055

0.37657133,0.4220536

0.16191725,0.20028923

0.19897962,0.20531854

0.26557234,0.25829637

0.41564274,0.40117943

0.23351265,0.2518169

0.25930357,0.29467618

0.19698921,0.2388677

0.19471103,0.20247614

0.19099389,0.2055458

0.20372681,0.25102055

0.32209364,0.34128806

0.37062755,0.3859242

0.097837634,0.10155821

0.17660552,0.19854175

0.20008905,0.23247293

0.33242044,0.41887927

0.16740398,0.2401065

0.2511983,0.2273738

0.24738267,0.25715974

0.37133896,0.4110916

0.17432266,0.23450963

0.17228653,0.20675161

0.26329705,0.27284852

0.2951034,0.32626602

0.12126933,0.11734003

0.17116997,0.19645086

0.15887746,0.18735602

0.44358927,0.4524462

0.1120194,0.12187218

0.16501634,0.19464819

0.34306237,0.2868815

0.31934622,0.2839896

0.17659917,0.1891749

0.1584124,0.22396307

0.23234566,0.23211806

0.34886703,0.32456425

0.089001335,0.09390497

0.17643644,0.17307468

0.1815278,0.18782897

0.17672008,0.1836914

0.13096713,0.1364241

0.16217439,0.1879813

0.17082691,0.20519853

0.3539694,0.5261428

0.14584701,0.14630175

0.1509194,0.1642776

0.16833022,0.16764632

0.11191144,0.12652308

0.07757286,0.0818914

0.09832418,0.10657402

0.107350685,0.14038026

0.09667656,0.10740575

0.107661545,0.117779456

0.10641099,0.1218724

0.21295455,0.21513014

0.34496018,0.42950898

0.14349078,0.17856583

0.10724567,0.116419666

0.11077589,0.12162321

0.16787866,0.17572926

0.063400455,0.06759887

0.104301065,0.0978671

0.10936674,0.17171331

0.27247766,0.3275367

0.12505552,0.12391865

0.18189906,0.17519152

0.26801494,0.27613556

0.4828281,0.44451565

0.1339232,0.15063517

0.21593615,0.28753

0.1935715,0.277396

0.3092283,0.38949123

0.07594292,0.08083145

0.10669521,0.11692703

0.1955921,0.19092205

0.30900094,0.29799196

0.1873558,0.17644186

0.25983316,0.23919766

0.24538916,0.2037176

0.50113165,0.46350133

0.3274181,0.3362981

0.230306,0.2977707

0.2421906,0.2200976

0.30786383,0.31451452

0.15825197,0.16552792

0.16822045,0.16482937

0.2196,0.21054237

0.10372603,0.1873578

0.21284674,0.22113389

0.16919099,0.21282187

0.22254209,0.24738267

0.20565428,0.2271211

0.13528112,0.14219381

0.14222212,0.15354596

0.15298618,0.163766

0.14273815,0.17573132

0.119103506,0.116345935

0.1404229,0.1452919

0.13441747,0.15418477

0.12113344,0.15239732

0.059266258,0.09606083

0.10896873,0.10766132

0.09579992,0.11315049

0.09026746,0.10516044

0.08118473,0.09271417

0.09657686,0.10836299

0.16796409,0.17218937

0.26235768,0.3254239

0.097998045,0.10842881

0.12668566,0.1591668

0.24135372,0.2523849

0.23204915,0.31595227

0.15046442,0.15553126

0.1464936,0.1556374

0.15256736,0.16331165

0.12921181,0.17631768

0.081674725,0.09192297

0.091507524,0.101225756

0.10619672,0.12524126

0.22890833,0.24980095

0.116984315,0.12711376

0.1348327,0.13415058

0.19264945,0.1908802

0.23138003,0.20467784

0.19636652,0.19009754

0.21100813,0.29478112

0.19525526,0.20740554

0.30297166,0.281031

0.23796609,0.3153602

0.2554259,0.33105606

0.37744036,0.3460628

0.48576033,0.4747558

0.24124347,0.23783286

0.22217612,0.29882592

0.27563384,0.25022483

0.40699887,0.4110916

0.20656909,0.3067263

0.2764865,0.35925052

0.2060504,0.23813318

0.3652191,0.37315673

0.16880286,0.18965152

0.22442867,0.22521383

0.19343823,0.20861542

0.24103673,0.3375915

0.17624906,0.22737348

0.21474242,0.22191668

0.17462312,0.18479809

0.15458012,0.19331625

0.13824302,0.15097594

0.14370027,0.14733826

0.14176759,0.1366517

0.2395214,0.24767311

0.23538405,0.23283054

0.20315649,0.2401065

0.26193437,0.27421278

0.35760185,0.33912772

0.19530688,0.26766765

0.16438928,0.23168078

0.2739032,0.25742304

0.28026965,0.33526033

0.13506001,0.16476071

0.23587848,0.30642515

0.124771416,0.2000321

0.19521019,0.22622181

0.09684686,0.10368229

0.09296841,0.105501495

0.106154084,0.11744727

0.09177936,0.12916812

0.05275058,0.07457846

0.11484025,0.15012336

0.13185441,0.16734691

0.16261403,0.21388346

0.1147048,0.16023637

0.18468426,0.19826984

0.23613279,0.28789493

0.2728483,0.33307102

0.14364436,0.19640216

0.16466728,0.20008872

0.1857234,0.29841346

0.29276127,0.3001238

0.12746048,0.13457568

0.21827874,0.27491254

0.1560766,0.20885704

0.28875157,0.41550553

0.13449156,0.13014992

0.120680735,0.15939532

0.202931,0.22010836

0.21015012,0.2668643

0.11348167,0.16370904

0.124274924,0.1688517

0.11963062,0.13669252

0.16653828,0.25221953

0.09888685,0.10269069

0.1369524,0.14498997

0.20628484,0.23511155

0.27648637,0.29922372

0.083673514,0.11027412

0.12187225,0.14498776

0.26648197,0.29064044

0.16189861,0.24794911

0.09731588,0.11274265

0.06912159,0.08367351

0.09962021,0.1444901

0.22640273,0.26132947

0.08723965,0.099237606

0.10171505,0.1122222

0.13364236,0.15061723

0.22475854,0.28330725

0.12910391,0.13051257

0.15072186,0.17473687

0.1368894,0.13525958

0.290031,0.3020254

0.14608237,0.16405022

0.13494644,0.15396322

0.16257213,0.19193886

0.21452335,0.26351526

0.08932501,0.1034395

0.08003561,0.093678035

0.08693571,0.12486714

0.24994218,0.23555902

0.098352216,0.11706903

0.16296397,0.17653467

0.24459717,0.19781503

0.27981967,0.31006834

0.13614178,0.14534862

0.12005321,0.13096716

0.16302986,0.16888162

0.115108,0.12776498

0.05687909,0.060928296

0.084783584,0.084613055

0.19107212,0.1756267

0.31258237,0.2862141

0.10907787,0.11571079

0.09481475,0.09111993

0.19156899,0.17996937

0.31718063,0.29398584

0.1786086,0.18130022

0.208728,0.23762177

0.24577151,0.24869274

0.3274182,0.40888193

0.18734159,0.21827862

0.27603176,0.36136684

0.2393149,0.26019108

0.5121593,0.5213111

0.17826097,0.30101788

0.19265378,0.2401065

0.17204249,0.17421453

0.2315802,0.23146652

0.077307165,0.08458312

0.120792374,0.13674851

0.2751791,0.20446101

0.3024071,0.33458048

0.17826085,0.19281277

0.1582522,0.16189016

0.14210866,0.14364387

0.17507784,0.17601043

0.14188103,0.145519

0.17695346,0.1704733

0.22919266,0.20372681

0.36050096,0.36741987

0.17697842,0.21827872

0.209563,0.22191668

0.28119925,0.24278553

0.39653987,0.4201925

0.14509541,0.17644188

0.22737357,0.2546584

0.2585656,0.22373569

0.35625058,0.37922153

0.109066196,0.119056426

0.1136868,0.13749154

0.1750145,0.18626061

0.30374855,0.38056663

0.17644197,0.1855369

0.14551915,0.16734703

0.23516424,0.22695747

0.27040777,0.2603298

0.16946441,0.16615328

0.25795886,0.28505096

0.28620672,0.30559012

0.38380688,0.3984725

0.1654712,0.17644197

0.16946523,0.2298607

0.25681853,0.2874003

0.32952112,0.38539818

0.15729496,0.17525214

0.15978435,0.18733476

0.19935887,0.23343293

0.28466406,0.32098436

0.11141499,0.12247814

0.07184997,0.0912338

0.07741087,0.10926184

0.1380444,0.16647989

0.08358819,0.096438356

0.12705591,0.15380163

0.18736047,0.19010404

0.1860504,0.1896866

0.060936257,0.06730272

0.0873116,0.09640655

0.16098955,0.14872026

0.30718195,0.29871228

0.17644209,0.18735602

0.15069202,0.18735602

0.2321661,0.251182

0.44714618,0.4841326

0.17496385,0.17644177

0.17229237,0.23487742

0.37471172,0.34924588

0.33653307,0.36747587

0.15194257,0.16144119

0.1267041,0.14563295

0.14085044,0.16509616

0.13507842,0.1928269

0.1002614,0.10793859

0.09839411,0.11281524

0.11217688,0.13368456

0.17873025,0.19687706

0.105225235,0.12496234

0.11093968,0.1297331

0.22747573,0.30163506

0.32835847,0.39342287

0.13151933,0.14678268

0.1875423,0.24192369

0.3415157,0.25368464

0.34917924,0.44131353

0.19371754,0.23702246

0.21106756,0.3285789

0.21903454,0.20575361

0.39427638,0.4388634

0.22216588,0.24216834

0.18678753,0.22328101

0.1494721,0.17082791

0.22020042,0.2558048

0.16793288,0.2023125

0.097315945,0.104058996

0.1540488,0.15404192

0.17010666,0.17301634

0.06394885,0.067026384

0.08554937,0.08446935

0.13178137,0.13096713

0.2051611,0.20655243

0.08756724,0.08546403

0.12062173,0.12204282

0.20918384,0.1858212

0.26374415,0.27823564

0.16156155,0.16178891

0.190994,0.20372692

0.20372686,0.20918383

0.22932523,0.24403258

0.2055457,0.20628466

0.1707648,0.22055253

0.20349938,0.18678741

0.2929712,0.26176414

0.13967144,0.2000889

0.12025232,0.15314512

0.19960424,0.19430892

0.38039616,0.34754065

0.11214587,0.1678018

0.13758068,0.19549613

0.29831436,0.27284852

0.38622427,0.41599512

0.16003631,0.22919255

0.24215302,0.22492945

0.22919266,0.21464075

0.31428722,0.29103827

0.114596225,0.10822976

0.1685051,0.16734691

0.23783298,0.21032076

0.355754,0.32741797

0.21100277,0.21827874

0.19463176,0.24374446

0.102854505,0.15964463

0.20751457,0.20759849

0.08828594,0.087095775

0.14551911,0.17826092

0.2617153,0.2510205

0.4379377,0.5591603

0.19826989,0.24740769

0.26461503,0.29103833

0.29547235,0.37495545

0.28740042,0.32264513

0.14915724,0.19826996

0.156959,0.16439128

0.26577142,0.300572

0.3243255,0.35353327

0.14210166,0.16994561

0.1324529,0.14721532

0.2729795,0.27905998

0.21919605,0.23449048

0.095779955,0.11498415

0.08788705,0.10626035

0.1245946,0.122145005

0.1764627,0.1901655

0.13293836,0.14418669

0.15322483,0.18742435

0.21280983,0.27834052

0.28334013,0.28400493

0.14438841,0.14388303

0.1702977,0.20707117

0.30342272,0.27398518

0.43900052,0.5228412

0.161862,0.16782668

0.17899907,0.26307136

0.22168842,0.36616307

0.24010666,0.30559027

0.2176434,0.24041629

0.13278624,0.18312131

0.24537793,0.32352564

0.41470328,0.41479388

0.15279518,0.14459752

0.24852249,0.3226432

0.32378012,0.33276138

0.5004709,0.44019556

0.14610657,0.14612456

0.2055457,0.23646851

0.25836146,0.26915458

0.22699986,0.2716548

0.13690837,0.17144075

0.16916591,0.19292645

0.19667058,0.19672053

0.2955859,0.3005881

0.08276391,0.09185886

0.12231969,0.11004906

0.20554574,0.20372675

0.19610992,0.21050107

0.15461428,0.14551933

0.15404567,0.14608759

0.1322179,0.12823887

0.22942045,0.20963895

0.1982697,0.19099374

0.2232934,0.25829652

0.2374918,0.21668711

0.40915892,0.41029134

0.25602275,0.34650326

0.33105603,0.32836798

0.26921058,0.34788188

0.34788173,0.35817838

0.2584175,0.2988358

0.2616182,0.29386264

0.18451373,0.1787157

0.29726842,0.2971361

0.16417179,0.21282177

0.1411422,0.15086244

0.21334578,0.20379432

0.45926297,0.43102956

0.22191674,0.2273737

0.21464075,0.35652193

0.17542772,0.1791705

0.2583287,0.29467627

0.095845185,0.09587838

0.15560977,0.19356829

0.21566404,0.24881996

0.25397652,0.307555

0.1036824,0.11641532

0.1425633,0.14395319

0.18123469,0.16842361

0.2775097,0.2652315

0.17219393,0.17237511

0.17638613,0.19826974

0.18993974,0.18998858

0.30659708,0.33105597

0.17218415,0.17214863

0.1915178,0.25102043

0.16928515,0.24991931

0.29307055,0.33298263

0.09381884,0.0938446

0.13949387,0.14711088

0.09004009,0.1382433

0.104951054,0.13369872

0.065053076,0.07457857

0.07815748,0.09367795

0.0775433,0.08662937

0.08549291,0.105501786

0.08768867,0.08498861

0.18531355,0.18529268

0.22383547,0.22204134

0.14358357,0.1521012

0.15561847,0.15548524

0.17488377,0.19541225

0.2681314,0.28556722

0.18187219,0.323621

0.19900337,0.20087698

0.24272151,0.21464063

0.25701764,0.2421695

0.37471193,0.36743596

0.1728041,0.19645096

0.2635262,0.23646873

0.3403785,0.34924608

0.40898606,0.37129354

0.3092281,0.277392

0.363798,0.35061032

0.40017778,0.38926384

0.32507953,0.3253078

0.12071966,0.120699674

0.21900715,0.2568309

0.3212829,0.32145298

0.3499815,0.35791782

0.17750257,0.1873558

0.23444125,0.32269996

0.21645963,0.23524994

0.2306707,0.2572903

0.12210478,0.13551982

0.17266388,0.17071788

0.09640644,0.10795098

0.13124357,0.14860834

0.08275658,0.08289336

0.091491185,0.11647387

0.21395874,0.24101621

0.2458328,0.3092714

0.12597005,0.13112415

0.110276334,0.122099765

0.12608507,0.14395721

0.2945526,0.31383583

0.08870636,0.100241356

0.14911248,0.17444377

0.29033998,0.35751647

0.4017533,0.4761458

0.15602253,0.16370904

0.2428352,0.2770869

0.40435174,0.45788002

0.33280322,0.33273306

0.09473722,0.10491419

0.17034297,0.15999125

0.2854047,0.23414747

0.4362858,0.3756214

0.16871138,0.15847956

0.28967416,0.26375356

0.22691448,0.29725066

0.34952396,0.40976733

0.27069676,0.360808

0.33331308,0.3443305

0.4051739,0.41237745

0.39751667,0.43598902

0.20795025,0.21891925

0.32333678,0.3343795

0.24991897,0.2724505

0.14086032,0.15076885

0.09372092,0.09373358

0.1298447,0.1590409

0.20663571,0.22834279

0.3083508,0.31626135

0.100954026,0.10731827

0.12539892,0.1305277

0.09463064,0.11645607

0.15770684,0.16174096

0.0537751,0.05961931

0.11930246,0.12755674

0.10913947,0.12434509

0.1991795,0.20386375

0.109594114,0.115960576

0.16916606,0.19245453

0.19906999,0.20915349

0.37107363,0.41785532

0.24112988,0.2314665

0.20225465,0.20222534

0.2848647,0.3964168

0.36757693,0.4324246

0.22006261,0.29502133

0.26466256,0.25707486

0.16316386,0.19362839

0.062489238,0.08650203

0.097248346,0.1066879

0.111640684,0.1218725

0.2813714,0.32830277

0.15808748,0.16894412

0.13841295,0.1595416

0.16211744,0.17371349

0.2992572,0.30983204

0.28093258,0.29113418

0.2584102,0.23874237

0.352884,0.33242035

0.28376234,0.33469406

0.5114149,0.4947651

0.21964297,0.2593865

0.30324143,0.3275069

0.2509656,0.2894175

0.27239382,0.38478836

0.14545262,0.16996878

0.17985252,0.23766582

0.10698921,0.12027503

0.19895646,0.24391161

0.11902604,0.13362503

0.25829658,0.30210865

0.23364344,0.37977454

0.28448543,0.31609303

0.15870693,0.19463198

0.25829616,0.33469373

0.50308305,0.49852088

0.4160964,0.5599751

0.12005297,0.13824286

0.21941082,0.23646851

0.386024,0.33397985

0.3092283,0.28126135

0.2033681,0.20318602

0.30115166,0.30109304

0.34515336,0.35532477

0.35250747,0.39850178

0.2685917,0.29788494

0.51612836,0.64880425

0.26336455,0.3174262

0.26211223,0.24738267

0.19826952,0.19281255

0.265573,0.2517028

0.30893165,0.29693946

0.5485724,0.5253532

0.30559012,0.47507986

0.41809943,0.4249615

0.42206782,0.4802133

0.39249504,0.52214867

0.26670986,0.35394588

0.25236312,0.29266334

0.17499258,0.19323398

0.25102064,0.3214692

0.21230829,0.24775104

0.18189906,0.22095715

0.23151848,0.26159707

0.048585247,0.08558143

0.072759464,0.081040844

0.14732626,0.15344581

0.15102819,0.16903001

0.15097623,0.18084167

0.10667256,0.12369117

0.30195212,0.31286606

0.152795,0.16007096

0.23918211,0.23925628

0.14558898,0.14569823

0.33469418,0.3369679

0.20036468,0.24300434

0.26982114,0.33474255

0.24222112,0.25099188

0.3023178,0.25420338

0.20645541,0.20190793

0.36916792,0.36449966

0.28046322,0.28039747

0.2764865,0.26193458

0.24374469,0.24078883

0.29388902,0.35947788

0.13904378,0.13463263

0.23953651,0.23959579

0.13131063,0.12742263

0.13043134,0.15008362

0.097316265,0.11600953

0.18553703,0.23646873

0.18087149,0.19793251

0.18026175,0.21771622

0.13070585,0.16591813

0.24857144,0.2999126

0.22895408,0.2386219

0.25815937,0.263214

0.11641521,0.14068824

0.12369117,0.150976

0.064043045,0.08121065

0.06301587,0.079231344

0.07692797,0.08486384

0.10444673,0.11125817

0.09481449,0.10261092

0.1353333,0.17570278

0.099581845,0.12028084

0.22729696,0.21759672

0.17377245,0.1813968

0.1946848,0.21847777

0.10355268,0.10855756

0.21498168,0.22839673

0.21294066,0.21893498

0.24601832,0.27432635

0.17917055,0.25079125

0.21213964,0.22214408

0.18791912,0.19908352

0.2250555,0.23197374

0.18735602,0.20554592

0.30558988,0.38562542

0.3274182,0.36016002

0.32014224,0.3645183

0.32827264,0.32139257

0.3274325,0.35414228

0.36233705,0.385626

0.39231998,0.4329195

0.25163716,0.2517646

0.4438334,0.4438334

0.48393467,0.6437448

0.7057681,0.6291689

0.44993854,0.46360672

0.26921088,0.29831472

0.07975404,0.091794625

0.052272465,0.069191374

0.06729682,0.07238386

0.082293265,0.08913002

0.08099844,0.08542779

0.109594114,0.12232704

0.102959976,0.102983065

0.13233148,0.1964513

0.16044688,0.16230717

0.18708068,0.22009695

0.1418804,0.16370827

0.1817898,0.18174051

0.09864524,0.10219973

0.0723054,0.09220948

0.18795599,0.1978947

0.28407127,0.31251252

0.31901652,0.31809592

0.38954794,0.4700169

0.3067059,0.34515336

0.23464939,0.2578415

0.16564716,0.18473367

0.17324956,0.17803729

0.19976549,0.20974018

0.18531495,0.1830501

0.104278244,0.11086919

0.080705635,0.08661468

0.10796408,0.107448496

0.16387919,0.17785956

0.16857342,0.19748452

0.24212523,0.26190406

0.16159795,0.1873569

0.1782614,0.19827029

0.13687629,0.1458611

0.1255094,0.14733727

0.09222124,0.09549684

0.23601347,0.2548855

0.38833392,0.36990997

0.27816448,0.32692102

0.21828595,0.238774

0.22631152,0.2459216

0.18967384,0.291039

0.2663586,0.3029862

0.33209002,0.33297732

0.6612028,0.67484516

0.56974083,0.66847783

0.45056504,0.4031665

0.45815808,0.42814475

0.6579777,0.59034467

0.4652702,0.41016585

0.50025475,0.44905484

0.40442872,0.38665825

0.68546563,0.58923906

1.1431433,0.979174

0.64028126,0.6022237

0.39766058,0.4154117

0.4264048,0.6315563

0.18997139,0.25335446

0.14732215,0.16377832

0.23266266,0.26447898

0.16584466,0.18554091

0.18321788,0.19196644

0.11641536,0.15359406

0.07730749,0.10189672

0.12187216,0.147338

0.08872986,0.09266627

0.058708392,0.0712477

0.1011955,0.10641088

0.20369127,0.20366685

0.20645529,0.20711121

0.16604385,0.16984703

0.25455037,0.25102073

0.21918823,0.24169822

0.24787085,0.2862637

0.32550272,0.40741056

0.24327381,0.30307907

0.21805136,0.3153855

0.2141931,0.22999291

0.31822821,0.3521895

0.14280471,0.14282736

0.23120262,0.23417668

0.16182166,0.18574876

0.21205837,0.27202863

0.17436896,0.24666491

0.18004636,0.19317676

0.14008594,0.14333312

0.10175421,0.11594819

0.123034,0.13073984

0.18189912,0.18438157

0.13884716,0.16334134

0.19178982,0.20071822

0.15009516,0.18637235

0.2567405,0.27984026

0.11690727,0.1336894

0.12711571,0.14540818

0.17421693,0.20020501

0.21056467,0.25450107

0.1633511,0.18917002

0.17894308,0.2198246

0.2971942,0.38449058

0.3892646,0.50204194

0.3406866,0.35082158

0.5103199,0.43848136

0.34769002,0.3629538

0.24209696,0.27648634

0.21543773,0.23658791

0.20770222,0.2558646

0.26678526,0.32198998

0.27676216,0.40693626

0.295767,0.294957

0.23136938,0.23788416

0.22559421,0.38269743

0.4913856,0.6822805

0.4292815,0.44855675

0.39632165,0.5707905

0.58400005,0.5964026

0.6600054,0.6981229

0.4744529,0.5547034

0.51359856,0.5344499

0.4285996,0.43350944

0.5863672,0.66862935

0.44182706,0.47056675

0.46790445,0.50649625

0.5276924,0.5314014

0.5152061,0.69646156

0.5742078,0.5730363

0.41836756,0.4654046

0.61118054,0.5529729

0.4977787,0.49652815

0.5833275,0.60026675

0.4487757,0.46163833

0.40744725,0.4114574

0.5322212,0.5450616

0.5316771,0.56456465

0.55730003,0.54799813

0.5293126,0.59113955

0.6372259,0.5589463

0.72952145,0.72412133

0.5446249,0.62379444

0.6906912,0.6820186

0.80934113,0.9658062

1.2602605,1.3236506

1.001755,1.1082191

0.7962356,0.8929578

0.6460416,0.8275524

0.82253504,0.96692

0.6710868,0.92865497

0.83031595,1.024557

0.59503704,0.70683694

0.47506988,0.48413286

0.32963023,0.3899895

0.3584787,0.41109216

0.77133423,1.1031728

0.5592383,0.5176165

0.48704895,0.52076775

0.4349982,0.5592979

0.56418425,0.71352166

0.3927828,0.458385

0.32988912,0.3479791

0.45946547,0.48352444

0.47427228,0.69064766

0.57692224,0.61894244

0.3893706,0.5053034

0.2855621,0.28485665

0.5128559,0.5443502

0.40710357,0.40277615

0.43683645,0.4395907

0.47839123,0.47470438

0.74139595,0.6792541

0.51688516,0.53233325

0.6566131,0.6203976

0.5965948,0.56054235

0.8269198,0.7703037

0.5723654,0.5626611

0.63672054,0.71077025

0.5456969,0.65892905

1.0146818,1.205919

1.1696103,1.1366411

1.1609279,1.1264594

0.9204061,0.9613449

0.6396236,0.694886

0.6841329,0.60804975

0.7381705,0.78686047

0.78165394,0.68117523

0.74859774,0.8644766

0.45262116,0.47862703

0.6723903,0.7745548

0.73475105,0.66370386

0.9919622,1.0200428

0.98978436,0.84686136

0.612323,0.61408687

0.69492024,0.8948785

0.56483716,0.64202076

0.3543016,0.4275026

0.26949263,0.30603585

0.3340409,0.3579551

0.3660815,0.40666682

0.23835078,0.24818115

0.14438228,0.19304025

0.14711118,0.19099429

0.26929492,0.31427938

0.18735513,0.18735513

0.227372,0.27829927

0.1733459,0.18645185

0.100044526,0.12551038

0.07457868,0.08581147

0.069902755,0.07968915

0.13460533,0.1630146

0.09367718,0.1236905

0.11186618,0.11348178

0.15636337,0.20165381

0.09822596,0.09842046

0.20646963,0.23604418

0.1469368,0.15292844

0.12551038,0.15256785

0.13073997,0.16746083

0.16734713,0.23408131

0.19854079,0.20958441

0.28060666,0.33532733

0.23355545,0.2803518

0.21876329,0.23352614

0.20918345,0.22191638

0.15221858,0.154614

0.22737381,0.23744975

0.22851625,0.26557285

0.4938797,0.4595019

0.3346943,0.38349882

0.3224086,0.3856256

0.29457337,0.30797064

0.13319534,0.13326329

0.111299664,0.15279536

0.13772817,0.14977941

0.19952762,0.20406176

0.11578128,0.11753099

0.0652528,0.08265133

0.114596,0.12005297

0.23528168,0.25189108

0.1739014,0.19353458

0.13543634,0.14892511

0.1124661,0.12225871

0.12202556,0.14144336

0.083819285,0.08293599

0.10627158,0.13082217

0.16131972,0.1717718

0.18008006,0.19826996

0.16552818,0.16734716

0.19304909,0.19643438

0.16984811,0.20412825

0.26921037,0.30559015

0.20956393,0.23428592

0.13611911,0.20315483

0.1658168,0.20598733

0.34196997,0.36015987

0.32700384,0.3222663

0.19365631,0.23283075

0.17280366,0.2000885

0.20919107,0.2150264

0.117515095,0.12914845

0.1070412,0.12914796

0.11321344,0.11800694

0.17860746,0.19826996

0.08333112,0.11601698

0.14487079,0.17257662

0.22051673,0.27766213

0.29103768,0.31286556

0.16420874,0.1752981

0.13529278,0.1382433

0.17098512,0.18735602

0.25102064,0.3008155

0.18371794,0.20848346

0.24249755,0.27580422

0.17899816,0.26932412

0.1727779,0.17417678

0.11469176,0.11605023

0.0897183,0.12906371

0.0652528,0.08083145

0.14733814,0.16786839

0.1583338,0.17092194

0.082764015,0.100731865

0.12734914,0.13207868

0.13642424,0.15461414

0.14054696,0.16523343

0.2613566,0.32786164

0.17871583,0.22282632

0.14404711,0.17780721

0.14726187,0.15441348

0.09219525,0.095948696

0.13642432,0.18371804

0.265573,0.28012493

0.117571846,0.11696744

0.07366918,0.08640166

0.09094958,0.1005197

0.089131035,0.108684726

0.10593741,0.10640192

0.14230628,0.14692259

0.10010226,0.11255008

0.19176005,0.18780944

0.26921055,0.26557258

0.08162726,0.10277256

0.0890189,0.091389894

0.10219436,0.10241508

0.0665491,0.11841073

0.07852963,0.10801849

0.08435574,0.09276857

0.08640122,0.09913415

0.08781876,0.09160062

0.04104106,0.056686323

0.1366286,0.13859503

0.2419186,0.27060232

0.19038026,0.22821045

0.5697719,0.64115036

0.24631685,0.22975677

0.3953079,0.4107018

0.39757764,0.41675386

0.73451835,0.59980655

0.3421122,0.48430604

0.56051177,0.5621584

0.3920323,0.40814385

0.37513646,0.39855418

0.3526567,0.35834104

0.35259363,0.5097719

0.5538564,0.5731308

0.33900398,0.36613652

0.25216478,0.2958736

0.31120795,0.3639369

0.148031,0.1650496

0.24419211,0.24030145

0.32520747,0.32513618

0.61373836,0.6145937

0.36897287,0.4276033

0.2567738,0.25614852

0.27736312,0.27696788

0.52248555,0.52776885

0.44545293,0.48386

0.45031446,0.45814684

0.42404762,0.4094824

0.5529806,0.55959845

0.4313675,0.42066184

0.39722317,0.44487482

0.4006486,0.46448866

0.4573354,0.51343185

0.37017754,0.37442526

0.4108367,0.5165841

0.32781693,0.38869536

0.51233065,0.5366863

0.55293113,0.57164687

0.60132354,0.6720172

0.76834726,0.9157813

0.41073725,0.4361427

0.17288582,0.17865543

0.13938004,0.17280397

0.23415104,0.24026081

0.38944948,0.3893158

0.3165993,0.3137376

0.24649982,0.245585

0.13343115,0.14556278

0.28683555,0.28277126

0.7130417,0.7106703

0.59037584,0.7931728

0.30160153,0.4650237

0.4034245,0.42427716

0.5627597,0.57235956

0.3003034,0.33558896

0.24774277,0.27531362

0.41298038,0.49455246

0.6623974,0.6638087

0.6044304,0.6634969

0.6682398,0.6682469

0.35585678,0.37144786

0.41511962,0.43667036

0.17486201,0.19056323

0.16257584,0.17600866

0.24652646,0.3206352

0.21025415,0.24422431

0.1663053,0.22782853

0.20607616,0.22744395

0.28923187,0.33469504

0.3089432,0.30425808

0.21468616,0.23828772

0.17913859,0.20213531

0.2946764,0.3456081

0.2457724,0.25465864

0.26511812,0.3007083

0.33677107,0.46611604

0.6339179,0.75124276

0.35031176,0.39416468

0.3024422,0.3533899

0.10186336,0.11607421

0.10038302,0.122374095

0.1921964,0.18374716

0.2523869,0.27801085

0.22747847,0.22264701

0.37737742,0.39480615

0.30034152,0.261505

0.22549655,0.22591755

0.2969154,0.30047345

0.69754845,0.6359266

0.71177876,0.6888002

0.62151897,0.58771884

0.4089803,0.40375316

0.682663,0.5962921

0.6489779,0.6516779

0.90284944,0.91514987

0.7531585,0.9192088

0.9644651,1.1597569

1.6054847,1.7280391

1.2734002,1.4452734

0.6947839,0.9022189

0.8622961,0.8794868

0.87366927,0.9040965

1.0734845,1.1853062

0.7953328,0.8861251

1.4499131,0.9879778

1.0131772,0.9308679

0.71036255,0.6654345

0.34817916,0.41041982

0.63202345,0.5607964

0.610085,0.6088042

0.77261585,0.7922171

0.79408133,0.75212204

0.90735465,1.110751

1.032242,1.0837581

0.7341407,1.1141127

1.0028987,0.9968497

1.2094433,1.1596059

0.98566496,0.9824817

0.7391804,0.8044064

0.73742926,0.8822099

0.83784246,0.8714662

0.5666368,0.6948125

0.62081206,0.67785573

0.45976746,0.5107715

0.37833282,0.44251347

0.33691227,0.3492846

0.20634972,0.24048507

0.20728897,0.22520974

0.22651847,0.2674724

0.1896071,0.19913015

0.14778583,0.1580292

0.1756862,0.19575946

0.25478426,0.26129994

0.24235076,0.24052909

0.085151136,0.102431536

0.13143727,0.14631492

0.27089447,0.34036157

0.45212823,0.50931716

0.5908111,0.7203199

0.6530173,0.6943993

0.5385524,0.76862925

0.64550114,0.6629334

0.59533674,0.6323791

0.7918678,0.797049

1.1671374,0.9907718

0.7296462,1.0563782

0.6249553,0.89865637

0.63098735,0.6075288

0.86583906,0.73090523

0.6244913,0.831682

0.7450171,1.0784997

0.34859064,0.44999397

0.43961427,0.42832196

1.0082239,0.9691866

0.6730262,0.80035543

0.20222679,0.24521019

0.3456081,0.40654424

0.22624047,0.25883484

0.27378467,0.31251368

0.12347023,0.13733648

0.23499472,0.23632433

0.2746776,0.28740034

0.20563984,0.19821422

0.14219975,0.14278862

0.23377153,0.23417877

0.20420612,0.1518962

0.18030998,0.17496803

0.10261201,0.11104438

0.31963888,0.30568516

0.29609558,0.3055902

0.24711625,0.24715534

0.1294893,0.14108537

0.36368597,0.36379787

0.45290223,0.46733156

0.47809616,0.5094373

0.45813635,0.48547846

0.78197014,0.8338811

0.74020773,0.77645785

0.85770816,0.92009825

0.69612277,0.70234627

0.8446973,0.8625799

0.87920195,0.872625

0.9302154,0.98727465

0.8160115,0.8686023

0.57593066,0.5998391

0.7693194,0.78011787

0.77425456,0.92722994

0.23353797,0.27232382

0.36555126,0.42200565

0.56987494,0.5844073

0.49084747,0.5346187

0.22611412,0.34417257

0.3993882,0.5588846

0.551367,0.5670282

0.5364713,0.53998494

0.3863061,0.44019544

0.3957128,0.4403935

0.46140897,0.46261114

0.3362079,0.34966734

0.41151002,0.43540066

0.3302516,0.35564685

0.19380064,0.24481761

0.1237136,0.12845114

0.12771529,0.12902623

0.13640122,0.1553958

0.11769663,0.120132014

0.100954026,0.104592

0.12608193,0.13271174

0.108900554,0.122033164

0.07457868,0.08094514

0.08284229,0.099135034

0.17357859,0.1763959

0.15461421,0.16189016

0.26267,0.37107396

0.47372872,0.4476971

0.13577107,0.1400623

0.24608682,0.29672277

0.17306878,0.20501922

0.11048951,0.14051704

0.14792268,0.1439352

0.16370916,0.192813

0.10248791,0.11467638

0.12062939,0.13193901

0.12867363,0.12926693

0.1394459,0.16058543

0.06990419,0.07892631

0.063209996,0.09307055

0.064574234,0.07798928

0.14370027,0.1728041

0.2493491,0.2764865

0.39739424,0.4074382

0.2473931,0.35218418

0.43746707,0.5645445

0.331764,0.4117578

0.23294927,0.27865937

0.22107433,0.2524963

0.3354344,0.36452314

0.26759228,0.3173889

0.3103501,0.30521995

0.24052416,0.26333967

0.30311942,0.36118898

0.1924288,0.26894715

0.15425223,0.2117609

0.1300276,0.14264818

0.15059382,0.20449649

0.18735602,0.20372692

0.16192748,0.24066892

0.16069023,0.18504854

0.20006275,0.20541625

0.28715885,0.3480124

0.26739955,0.28712422

0.27311054,0.2717361

0.3437891,0.4605384

0.36353153,0.43327487

0.29136792,0.35921943

0.22066271,0.22141233

0.24411505,0.3141053

0.16552815,0.18098956

0.1082362,0.17826018

0.12239554,0.13673784

0.11973278,0.15463464

0.10564094,0.108975165

0.07730716,0.1126309

0.13290891,0.14588964

0.13595358,0.18760826

0.1356511,0.15522122

0.12187279,0.14824814

0.09621687,0.106410496

0.10143803,0.11415319

0.08114227,0.080383316

0.079217136,0.08301854

0.08533136,0.10262064

0.13684304,0.17670093

0.1306853,0.1440133

0.05518625,0.07638884

0.102540016,0.113580965

0.10841644,0.12073325

0.15026435,0.1434427

0.1610002,0.22100732

0.11971013,0.12500234

0.18531676,0.2503785

0.44124448,0.39472082

0.44944814,0.55599225

0.17191237,0.19168922

0.26986337,0.2837487

0.23170543,0.27591985

0.3437891,0.39215043

0.20609392,0.22442237

0.29814872,0.29890636

0.17807677,0.18070933

0.21645986,0.22919278

0.1033754,0.10350951

0.12124357,0.13460533

0.057100214,0.086328834

0.09822554,0.10913948

0.083565265,0.084379725

0.1562908,0.16480465

0.06652634,0.08027801

0.040472515,0.07318146

0.06908664,0.07109214

0.1346395,0.1431518

0.12620838,0.12708235

0.13797432,0.14890248

0.25896907,0.22819014

0.30195224,0.32014215

0.14855462,0.15612634

0.21829553,0.21180382

0.12864268,0.13009396

0.15228514,0.14691523

0.17496821,0.17109175

0.25730032,0.24786432

0.1630828,0.17363879

0.25150308,0.26392782

0.46328616,0.4446824

0.5080155,0.49284852

0.19115837,0.21849962

0.3020381,0.3584157

0.3812204,0.41574612

0.41849726,0.47258556

0.26374522,0.2733784

0.22212334,0.3115851

0.16715707,0.18735602

0.20954882,0.26423752

0.18632545,0.21282157

0.22405173,0.26557228

0.33693358,0.37509906

0.47262222,0.4966199

0.17007592,0.2073652

0.23051172,0.32014224

0.58430237,0.52243364

0.50905466,0.5101312

0.24510846,0.24766907

0.26144707,0.2680125

0.29756382,0.26784626

0.29485303,0.30533308

0.19482875,0.22396299

0.19668278,0.20205271

0.17472127,0.19070359

0.11725176,0.16604607

0.13973935,0.15993342

0.12675062,0.16727643

0.07381982,0.084533475

0.07591222,0.095783435

0.089572676,0.0897854

0.09791278,0.10670752

0.072357744,0.07725915

0.12254526,0.13968799

0.10341449,0.12803258

0.15075926,0.18317068

0.26316682,0.2602589

0.22845887,0.3307175

0.099589676,0.10972557

0.12487078,0.13009416

0.16979152,0.13808887

0.27468693,0.23833111

0.11316806,0.18427785

0.17930768,0.17561063

0.24677427,0.23648472

0.1917685,0.20051482

0.16541544,0.1978617

0.20037837,0.2251963

0.4438334,0.50953907

0.46328983,0.4676952

0.329531,0.329428

0.36346215,0.35980198

0.40866247,0.41430107

0.52509433,0.45940554

0.21182705,0.22564977

0.26527637,0.22619787

0.18339202,0.1831078

0.3590953,0.3435282

0.21135816,0.20574576

0.23188888,0.22779348

0.17893784,0.17465416

0.30127016,0.29140672

0.17436375,0.17165658

0.21548477,0.2213232

0.27611378,0.2767355

0.36086512,0.35864645

0.2227748,0.23816516

0.25338364,0.27225122

0.43212512,0.46688265

0.35079372,0.34019464

0.14369628,0.15033497

0.26034296,0.325172

0.21872292,0.23182534

0.17553248,0.22177282

0.08058543,0.08412171

0.14171697,0.15077728

0.13316026,0.15244262

0.17675106,0.18262547

0.19806302,0.20589496

0.20025414,0.22601222

0.2202808,0.23778945

0.27712953,0.27692348

0.12577373,0.14474522

0.14188129,0.16131729

0.27988645,0.28016266

0.36875936,0.34114233

0.16353463,0.178079

0.24700786,0.24456626

0.3706716,0.31858084

0.46290982,0.46652648

0.22355685,0.21025814

0.32796887,0.32768467

0.21033143,0.21784674

0.21837832,0.22560987

0.13600954,0.17892188

0.14182888,0.165299

0.20008895,0.20918389

0.23440816,0.36058456

0.17422475,0.2038819

0.23923497,0.20622803

0.26574042,0.2628112

0.31819448,0.28884283

0.15975143,0.15274903

0.23270908,0.20050284

0.27478343,0.27886194

0.39899027,0.43428117

0.24145497,0.23403823

0.16335635,0.19783276

0.24092738,0.24512582

0.31618717,0.4203874

0.15038271,0.16552792

0.19612812,0.20596024

0.24413949,0.2442514

0.3065176,0.27654156

0.18063873,0.1770647

0.21421675,0.23209178

0.18003649,0.17884278

0.29230013,0.2547542

0.28810257,0.30926788

0.27262348,0.33805293

0.2606134,0.25125378

0.3136176,0.37071502

0.08957152,0.11467766

0.14067197,0.18559337

0.17155337,0.2241211

0.24881949,0.3823287

0.06761849,0.0970576

0.1750251,0.19840597

0.24621955,0.21157348

0.38926363,0.3419699

0.19558294,0.22320418

0.14915717,0.20190786

0.2016228,0.21282184

0.27591994,0.36954838

0.133383,0.15410243

0.19706075,0.29103845

0.35326964,0.35288417

0.26307124,0.31664795

0.13096714,0.17769243

0.12530954,0.17416823

0.08674722,0.105794206

0.16393647,0.19654194

0.1438044,0.15758404

0.15932791,0.19539861

0.13801576,0.18541607

0.20161405,0.22445445

0.12369136,0.14915721

0.20372663,0.23646845

0.24964224,0.27994022

0.25978208,0.31372738

0.14234373,0.17267169

0.1584998,0.19655247

0.22571826,0.23634864

0.32569814,0.32237902

0.22078477,0.37247232

0.25245216,0.29484138

0.35155934,0.36176762

0.47709912,0.54023975

0.4116082,0.3842614

0.41109172,0.45735428

0.4117605,0.45270908

0.45276326,0.5202444

0.3508923,0.31503344

0.16370916,0.17644209

0.17057122,0.15577772

0.13278633,0.17564717

0.101848416,0.12229784

0.15620583,0.15324996

0.18931513,0.2071373

0.32809255,0.3200883

0.17513312,0.1972119

0.16694906,0.16410689

0.211685,0.20168056

0.29679736,0.3003554

0.14129198,0.14824764

0.21448365,0.21509561

0.2841324,0.3005379

0.37956828,0.3583417

0.1396644,0.15726343

0.2165913,0.2199273

0.27125973,0.25062245

0.3056409,0.2798782

0.20647661,0.22746205

0.21537374,0.2570937

0.29542932,0.3480077

0.30746606,0.33384138

0.24419934,0.29000536

0.26477677,0.3356605

0.36370355,0.38505715

0.435989,0.49317348

0.3481354,0.3773187

0.30169514,0.358505

0.27225766,0.30516112

0.27333125,0.32196122

0.24746569,0.30343425

0.32184747,0.32949203

0.15040791,0.16038837

0.22566848,0.2350281

0.119985886,0.21211663

0.27875987,0.32078582

0.26921022,0.26216164

0.24843161,0.24601842

0.18110324,0.20662594

0.2490329,0.307507

0.22760116,0.22691904

0.3204753,0.27791825

0.22225788,0.2169146

0.27154467,0.2549091

0.23146652,0.22392587

0.26963776,0.28506407

0.1985071,0.25102064

0.1955175,0.26635593

0.33389822,0.32430366

0.37150958,0.34504852

0.18712285,0.21678713

0.18162555,0.23085217

0.2474892,0.24047503

0.35021955,0.34205717

0.22675738,0.272944

0.25029188,0.29425892

0.18061297,0.18639857

0.24272151,0.2409043

0.21371782,0.22953361

0.29103842,0.30559033

0.21826147,0.21139851

0.29723114,0.30202997

0.1985049,0.20643055

0.2045853,0.21149534

0.2653559,0.26477858

0.42981318,0.41583946

0.25689352,0.27080593

0.28951114,0.29277253

0.20736495,0.19781525

0.2054401,0.22009772

0.16545132,0.19208157

0.20230983,0.26216197

0.30127025,0.292384

0.2624215,0.257628

0.172804,0.19804469

0.20364521,0.210994

0.23184599,0.23019175

0.25905356,0.2569761

0.15302159,0.21827874

0.19645086,0.2258137

0.20779122,0.19855328

0.3239894,0.31729385

0.19008428,0.19736025

0.2853412,0.2409034

0.288651,0.29615432

0.38792446,0.39955962

0.24780545,0.27862102

0.28879178,0.297813

0.37625647,0.3895836

0.36628935,0.3531514

0.27925363,0.2856396

0.26921055,0.26557258

0.3812226,0.37685588

0.46247804,0.58003026

0.2791618,0.28199688

0.2760725,0.31000802

0.28528982,0.24110737

0.42183286,0.41610545

0.21649753,0.24842665

0.266507,0.30157006

0.27418333,0.26077807

0.40488464,0.4038224

0.22087215,0.2296278

0.30152488,0.24940035

0.23634256,0.32378018

0.40792418,0.46768814

0.22527148,0.22199588

0.20500235,0.23558012

0.3808377,0.4014248

0.4563877,0.5213393

0.23903179,0.25829637

0.27383077,0.24308026

0.2623279,0.2510063

0.45543763,0.40066078

0.15323508,0.1881809

0.18363361,0.21456797

0.21917771,0.21254034

0.47905335,0.44975856

0.16806068,0.22741897

0.24742416,0.3104484

0.30832085,0.27633134

0.38446972,0.362132

0.18904173,0.19667806

0.16579765,0.2054264

0.35870546,0.31544316

0.4446243,0.43294874

0.2953967,0.33407396

0.32550326,0.3664252

0.36607173,0.34594917

0.4305888,0.44033745

0.32065475,0.35029748

0.29747957,0.3400535

0.36052176,0.3492459

0.3990657,0.5282459

0.27206808,0.33456254

0.21712933,0.27461535

0.16478407,0.18482138

0.26423052,0.3419257

0.19099389,0.23101166

0.27087232,0.23283054

0.15279523,0.17072044

0.20123158,0.21425717

0.15566848,0.1655397

0.16660301,0.18011576

0.20040514,0.24276859

0.32033744,0.4259494

0.17826094,0.24738254

0.26228434,0.30920503

0.31750897,0.31289577

0.37834972,0.4088609

0.23565775,0.2946763

0.33119637,0.38343903

0.19571207,0.21029241

0.2779994,0.4363856

0.25454488,0.29009998

0.24547708,0.32825264

0.3092283,0.35015556

0.36743572,0.51933426

0.2598126,0.26193446

0.23436543,0.24738257

0.344353,0.30391067

0.40997294,0.42627412

0.25829655,0.28102437

0.24010679,0.2720528

0.26099035,0.2764864

0.1571675,0.2037267

0.09808682,0.108229816

0.08549238,0.110901386

0.1027729,0.13385203

0.18272823,0.2071398

0.13924825,0.15151621

0.1781135,0.186219

0.123691276,0.15825208

0.25962874,0.3276175

0.15541252,0.28100407

0.26300722,0.4295531

0.33492127,0.7026218

0.6421372,0.7813876

0.30627137,0.46518782

0.23961323,0.33912697

0.2825873,0.36684877

0.22373606,0.24995576

0.14353004,0.16939336

0.25176483,0.3032845

0.1845496,0.19135438

0.05526757,0.07912604

0.060936194,0.082820915

0.10935519,0.1524949

0.088294536,0.16238993

0.10521639,0.18518487

0.1143281,0.19117175

0.108784206,0.14914703

0.12232093,0.18603796

0.24803148,0.25833657

0.12764557,0.15785429

0.1226389,0.12330681

0.10980916,0.16513379

0.2670265,0.33024794

0.15221612,0.18309098

0.09708112,0.12414925

0.054569792,0.07600331

0.1083752,0.12130397

0.09004009,0.113004826

0.071850196,0.09652024

0.119192764,0.18246749

0.3799091,0.4031687

0.115164764,0.13319057

0.21549352,0.21645963

0.15586476,0.1592736

0.29871938,0.30716372

0.19902435,0.18917489

0.2510774,0.2801244

0.2726063,0.25956964

0.38954782,0.40381554

0.101310074,0.14370017

0.14790669,0.16381796

0.22396328,0.2565714

0.3465176,0.37191662

0.16910923,0.18476959

0.1876127,0.24526614

0.23600954,0.27319026

0.31909055,0.34902093

0.18629442,0.19431922

0.11622379,0.19650623

0.20530169,0.23493376

0.29638028,0.36934215

0.12326576,0.13252568

0.16375758,0.18345472

0.12985136,0.14370027

0.14728141,0.19574931

0.066393,0.08890322

0.08392786,0.098964505

0.14501567,0.2112267

0.15097623,0.21645986

0.1489019,0.16055124

0.15114188,0.24010672

0.16370916,0.21625735

0.4341799,0.43283612

0.097713724,0.10155066

0.07866785,0.08587009

0.102456555,0.11312736

0.078640714,0.110457934

0.055268977,0.0686012

0.06402554,0.076135635

0.05699984,0.069132805

0.048231553,0.06406733

0.036289282,0.051628012

0.041873712,0.064261585

0.09311718,0.14357904

0.21282187,0.28905645

0.11056034,0.11110035

0.0769661,0.111981645

0.15097623,0.17382729

0.32629466,0.34005788

0.16007118,0.16552815

0.22356528,0.25062275

0.3162897,0.3129248

0.29993555,0.370619

0.10967154,0.11823802

0.112889014,0.1286009

0.101604596,0.11289112

0.25585276,0.31297773

0.077484556,0.09339427

0.1641652,0.20986597

0.13946544,0.22281033

0.20293112,0.2548256

0.09450208,0.11202072

0.15688173,0.18488333

0.23645763,0.2591879

0.20077543,0.24094419

0.124941945,0.18008006

0.10242562,0.13498713

0.13940582,0.15870683

0.081809126,0.10155222

0.08059276,0.08724743

0.104260266,0.11169077

0.106160305,0.123414055

0.12847379,0.14106283

0.11991819,0.12045198

0.10473855,0.11352974

0.17104207,0.24669667

0.17201322,0.18960626

0.107860245,0.12938924

0.1019168,0.117912

0.1399163,0.17365287

0.21165392,0.24191283

0.11347223,0.12231938

0.13447121,0.19463286

0.12005319,0.13479006

0.13460533,0.13784896

0.11055856,0.11665036

0.121758714,0.16756962

0.12687463,0.14141943

0.12482959,0.17166723

0.05644629,0.09130907

0.082530096,0.09640655

0.11221862,0.13357043

0.123336986,0.13751143

0.06170848,0.07483432

0.10156548,0.118125126

0.14733808,0.16757433

0.07776182,0.115818046

0.09140425,0.11150173

0.13213485,0.13180156

0.10697878,0.11995152

0.0857428,0.11347884

0.1093321,0.11687806

0.088830836,0.10387569

0.05073261,0.06802811

0.086918436,0.10603736

0.060253635,0.08281248

0.13397299,0.15666062

0.066800214,0.09833588

0.04872672,0.06514292

0.043314684,0.05176659

0.03603884,0.053033244

0.037738368,0.04297374

0.06480161,0.07890233

0.108209446,0.11118618

0.1417548,0.1692799

0.15352103,0.17098528

0.19570845,0.25611347

0.11709756,0.13833924

0.12005341,0.11436907

0.18553685,0.21367434

0.12851238,0.2317054

0.07480539,0.08276391

0.068211995,0.080035426

0.0636674,0.08242307

0.088648975,0.100612745

0.076345816,0.079730004

0.096011974,0.12359103

0.07693413,0.0900281

0.12566848,0.15451851

0.094341755,0.097855836

0.09458734,0.12005319

0.10626441,0.13960575

0.13610142,0.17932996

0.16072263,0.18154153

0.14023288,0.21021777

0.14485893,0.1696431

0.13440642,0.22366835

0.10589059,0.116759665

0.14654373,0.20838803

0.22358306,0.19664639

0.28948665,0.29529357

0.21930191,0.22397617

0.29285717,0.26938084

0.2170493,0.20876083

0.34971765,0.39771837

0.16804628,0.18416406

0.3115931,0.37198344

0.28740042,0.3019488

0.10737733,0.12642875

0.08967926,0.13436885

0.11817758,0.15455736

0.15335655,0.17453073

0.1598438,0.19841562

0.06082257,0.06821221

0.09673829,0.14007118

0.15854618,0.18777657

0.24729075,0.23112546

0.14495084,0.15006673

0.13101709,0.17456181

0.12661454,0.15291883

0.17548318,0.26086643

0.15475199,0.15987146

0.22144027,0.26557386

0.1546139,0.1891747

0.26341605,0.31988645

0.20369828,0.21345137

0.20725122,0.2431414

0.29103842,0.31091586

0.45902938,0.44661885

0.18684621,0.16513024

0.23283054,0.24135727

0.30681512,0.29831436

0.43573478,0.42125615

0.21606195,0.2293844

0.26557237,0.27091566

0.30133867,0.3496378

0.2448246,0.31695667

0.13545786,0.17107226

0.122056305,0.18328466

0.15052155,0.25521246

0.27863225,0.33359006

0.15748468,0.15350564

0.14733836,0.1909941

0.20121494,0.227942

0.23040514,0.2701671

0.14006199,0.1709848

0.17780721,0.21623248

0.19554147,0.25759405

0.305863,0.33043712

0.14267598,0.15280788

0.21822199,0.23567292

0.27493796,0.32844138

0.33076397,0.31426206

0.19826984,0.23101166

0.2781916,0.27972636

0.22649626,0.19659662

0.42513737,0.4253008

0.28940058,0.41892186

0.21869217,0.23166846

0.14859615,0.15786076

0.2719977,0.3265887

0.1273793,0.1378809

0.20348257,0.23606272

0.14563283,0.19451818

0.1903684,0.22874348

0.07464748,0.08149711

0.1000439,0.13060346

0.1443824,0.1539321

0.20293106,0.22903995

0.065370046,0.08037759

0.08640205,0.13096729

0.11865275,0.13961244

0.13062575,0.20080161

0.10550136,0.13119459

0.1655281,0.20981711

0.16370904,0.20543212

0.30024713,0.32778686

0.1368863,0.16916604

0.14570808,0.21609667

0.23147762,0.29206693

0.19551127,0.21469681

0.13992007,0.16822165

0.10760468,0.15154465

0.11160195,0.16027191

0.21367453,0.2226176

0.12279499,0.14667834

0.12782298,0.15332657

0.098628215,0.11294255

0.10555831,0.11965548

0.08425318,0.09100333

0.12966873,0.18007995

0.21222402,0.26054892

0.26956183,0.27284855

0.1064109,0.10004444

0.17276478,0.16552836

0.25966075,0.24473001

0.17416658,0.18291157

0.18827385,0.18007995

0.17174207,0.18340984

0.2261831,0.22118665

0.31089455,0.2994708

0.23312387,0.21838056

0.24159178,0.24320471

0.21066183,0.20884283

0.31302887,0.30880916

0.20674695,0.24522772

0.30410597,0.31636283

0.2582965,0.23646863

0.37864688,0.38535264

0.23089142,0.2288586

0.2706097,0.2690163

0.36015993,0.35652196

0.48938233,0.47389248

0.331056,0.33143482

0.28740034,0.34197003

0.3322428,0.3326096

0.44319493,0.5157973

0.28812897,0.34885684

0.34242487,0.34549442

0.35693544,0.35926247

0.35433328,0.3773482

0.26957986,0.2719673

0.30565423,0.25097132

0.29790753,0.30021948

0.37931618,0.38849464

0.2714487,0.2723502

0.2924874,0.26932952

0.40050638,0.4226269

0.42275164,0.6095862

0.35180816,0.35367244

0.36771986,0.3855043

0.26525941,0.29524434

0.26147133,0.37461105

0.25835297,0.27412966

0.2917973,0.32243058

0.30611074,0.3276038

0.285914,0.33299902

0.13055918,0.15165964

0.17068087,0.21572083

0.23280455,0.22697277

0.37863147,0.3813262

0.2302728,0.21827884

0.22734581,0.26284054

0.24010672,0.2255548

0.36494908,0.35015023

0.17462288,0.16552792

0.26787427,0.25380954

0.26498947,0.25467107

0.34202963,0.2995143

0.11663326,0.1313084

0.2073649,0.20006053

0.20594382,0.23098867

0.24516578,0.25977454

0.11550572,0.1364241

0.2035715,0.20943259

0.10531853,0.13116941

0.08534917,0.11846712

0.07639744,0.075715326

0.115164876,0.12199763

0.10076217,0.14328727

0.15647495,0.18351643

0.112509005,0.12693591

0.10788892,0.14176759

0.09094958,0.10869716

0.12937573,0.15385127

0.07537493,0.08347645

0.10732049,0.15560053

0.08458312,0.10905421

0.12232715,0.16862611

0.08138079,0.11593937

0.10913947,0.15256785

0.07110851,0.0895462

0.061773308,0.0939982

0.055273175,0.079235785

0.11205087,0.15492235

0.1926993,0.19224456

0.12654066,0.17707802

0.06758671,0.08822265

0.13460533,0.18371804

0.20654823,0.23389746

0.30195236,0.32014224

0.13096713,0.13434243

0.25102064,0.2582966

0.20179425,0.21270819

0.28224322,0.2575119

0.20865498,0.27710113

0.35456863,0.36300188

0.3038726,0.20759583

0.3790813,0.36177826

0.26258695,0.3161461

0.46255678,0.48068538

0.3233397,0.41109172

0.41008985,0.4366304

0.29244685,0.31423253

0.2833077,0.3323778

0.20948188,0.26557258

0.28376245,0.3484707

0.19758783,0.20858571

0.1382433,0.2546324

0.1582522,0.20361324

0.12732981,0.21771263

0.07275969,0.08458312

0.17485046,0.22363989

0.15937752,0.19196367

0.21406533,0.31172186

0.182787,0.23567693

0.24097535,0.26701674

0.27489465,0.28848934

0.1844459,0.25465864

0.15643297,0.19163127

0.29814607,0.3242554

0.36777702,0.34601843

0.37777793,0.5452964

0.4236572,0.5712765

0.4513173,0.49239558

0.23283076,0.24556369

0.23786095,0.25064895

0.12810609,0.14920565

0.12732936,0.1728041

0.13938017,0.15597846

0.17348623,0.23809855

0.14551927,0.1542989

0.31599358,0.45375982

0.1737136,0.21771751

0.30399162,0.39925718

0.24898517,0.27513492

0.30647984,0.40955383

0.2837966,0.38564312

0.32024744,0.36481625

0.17290641,0.21192364

0.30766818,0.381387

0.4220052,0.4074533

0.45521286,0.7299762

0.21256962,0.25610548

0.28593138,0.32378024

0.34227565,0.36176938

0.37612578,0.5294591

0.3366064,0.4296249

0.2814692,0.4862627

0.23101154,0.25388947

0.5566464,0.5820767

0.3003004,0.3689173

0.36743596,0.52375007

0.45065457,0.46367168

0.73305285,0.85754263

0.31938815,0.3542909

0.38021326,0.4673089

0.3331873,0.35646468

0.4294774,0.46244836

0.24537756,0.28309315

0.2556529,0.3235115

0.30559033,0.30195236

0.3236732,0.39619341

0.22388501,0.25179335

0.29058367,0.33010006

0.1737669,0.19740975

0.218492,0.26800174

0.1256516,0.1800805

0.14095758,0.19172585

0.05547973,0.059117712

0.1261925,0.16348179

0.07571555,0.08550771

0.09549617,0.1436994

0.116244905,0.1803252

0.13061208,0.19739954

0.08063427,0.103480004

0.18735513,0.2102497

0.1641933,0.1764253

0.19984506,0.20062399

0.11077972,0.1098589

0.21842176,0.20310424

0.18092206,0.1817423

0.29727796,0.2802556

0.25576463,0.2511237

0.35843825,0.34489796

0.26444972,0.25063235

0.32449025,0.33026785

0.21225333,0.21566392

0.097316824,0.108035356

0.04547651,0.057411853

0.13449194,0.14188159

0.07878498,0.094396934

0.12732926,0.16552803

0.112777345,0.1200533

0.1173247,0.16723366

0.097333334,0.107171245

0.17030288,0.20941116

0.1382432,0.1382432

0.04104095,0.051091574

0.024502179,0.03588818

0.04104095,0.06254641

0.036493476,0.05610712

0.0388809,0.053660408

0.07751577,0.08101786

0.15301804,0.1803988

0.14915714,0.20918378

0.15447089,0.15898727

0.20481853,0.19645055

0.22268637,0.22691898

0.13884182,0.1344933

0.15439694,0.16317037

0.13451906,0.17411406

0.15692692,0.24750957

0.12558666,0.1317595

0.09652014,0.12187319

0.077420734,0.10451684

0.12630607,0.15961632

0.16172707,0.1598437

0.18535337,0.19045551

0.12908131,0.14221057

0.1753051,0.22964741

0.06002643,0.10622636

0.13602631,0.15491875

0.054455996,0.07375367

0.08549229,0.12721536

0.04754075,0.05781786

0.041268434,0.045815907

0.04556988,0.06497969

0.05684353,0.08413903

0.048885453,0.062008288

0.052182212,0.075829074

0.04489572,0.06275521

0.05002225,0.07753624

0.047222197,0.05775333

0.056160975,0.07757851

0.101295196,0.13797075

0.14989214,0.1858829

0.10527422,0.10347477

0.068639934,0.113538235

0.10527469,0.110411026

0.14899199,0.19144869

0.08086342,0.08344625

0.10480842,0.1096259

0.104688406,0.106896415

0.101927,0.13157484

0.049794946,0.060317196

0.037289303,0.060254045

0.037447013,0.05350395

0.08299166,0.101463996

0.069853075,0.08618446

0.07752547,0.118272424

0.07562894,0.08864386

0.133137,0.19928499

0.13096695,0.14123963

0.058207773,0.08344802

0.044565473,0.056490157

0.047748584,0.06548373

0.022509838,0.02442253

0.0352659,0.07089362

0.070725314,0.08818202

0.123805076,0.1468835

0.07731071,0.09549706

0.0917596,0.09521817

0.08225743,0.090056516

0.08358103,0.14597401

0.06002676,0.06821221

0.14529277,0.16397206

0.15565072,0.15889435

0.17306009,0.1891752

0.13702461,0.14421797

0.11473389,0.12066514

0.097459376,0.114513285

0.108684614,0.13653168

0.07005565,0.0882109

0.093214825,0.12505336

0.07954896,0.086085066

0.09822565,0.11812086

0.05540557,0.07971146

0.08276324,0.09549617

0.089130595,0.099135034

0.12732849,0.1582513

0.16461866,0.16825663

0.14023615,0.19411084

0.13073997,0.15541002

0.28012437,0.35206816

0.32287067,0.33293197

0.14026466,0.16375454

0.13405426,0.1552895

0.27261955,0.41339204

0.09565554,0.10265927

0.06065177,0.08251606

0.06788632,0.079842314

0.10833459,0.12743309

0.12575552,0.15082702

0.11509231,0.13429207

0.08810741,0.113862805

0.07480587,0.10311389

0.0758994,0.091105014

0.11498358,0.1370739

0.14924505,0.15415137

0.17907275,0.24550228

0.23526525,0.23882462

0.18232982,0.25668323

0.17275792,0.18189906

0.16552843,0.17280439

0.23646851,0.25022462

0.1843397,0.20541617

0.14218637,0.17156021

0.33833218,0.41992915

0.40096515,0.45081595

0.23622005,0.29340363

0.10246659,0.11179157

0.07843159,0.09598023

0.10254564,0.1492314

0.09197265,0.10788259

0.10993521,0.1351737

0.1364242,0.15222666

0.0986801,0.1030002

0.103944406,0.105945915

0.07810297,0.08025591

0.22610936,0.24690871

0.15168735,0.15987192

0.29102287,0.30346757

0.4196261,0.4722551

0.36701143,0.41836768

0.24617471,0.28079236

0.24310787,0.32157755

0.29519242,0.29419944

0.5238686,0.6548359

0.43307546,0.47441527

0.77098155,0.8366064

0.2149968,0.27040848

0.27855948,0.31322086

0.13216117,0.1423357

0.11994582,0.16206057

0.09055151,0.112948924

0.17875081,0.22565596

0.12073913,0.1249642

0.094598606,0.115200795

0.14481127,0.15082335

0.22492445,0.27042094

0.28635186,0.26854965

0.30739745,0.33551806

0.3512924,0.37675825

0.3309251,0.40010333

0.21018498,0.18383361

0.12764123,0.21509905

0.11645263,0.15438317

0.27393904,0.2745763

0.11432355,0.118074775

0.1321383,0.18445157

0.14176343,0.19067542

0.54968655,0.7095764

0.40918776,0.4366236

0.47135863,0.46301708

0.46712187,0.49236146

0.43461806,0.56643

0.46270558,0.44383356

0.4474148,0.4561651

0.3811591,0.37098548

0.51501745,0.4878108

0.6547448,0.6783046

0.39915815,0.38168058

0.27835524,0.3445494

0.49187154,0.63942593

0.39990798,0.39739308

0.39275706,0.39308035

0.30447972,0.34518492

0.6406582,0.7842202

1.1059457,0.9604265

0.5115908,0.6176273

0.23878632,0.22480196

0.37957415,0.3415299

0.30834723,0.32057923

0.2865872,0.32257885

0.13574919,0.19543211

0.20394531,0.26193446

0.09493686,0.09516646

0.112521775,0.1335574

0.15051872,0.16749002

0.260743,0.38465986

0.24783748,0.23351294

0.26102498,0.29267344

0.3181535,0.42427927

0.40082958,0.6836505

0.35693583,0.26176038

0.37425706,0.38225955

0.2315801,0.25670487

0.28653458,0.2637892

0.29604417,0.2929329

0.3592076,0.36416006

0.24440588,0.31895202

0.40422776,0.48630965

0.17477752,0.18773428

0.08407142,0.08745094

0.05963363,0.080603965

0.13096802,0.14354995

0.06366463,0.0682121

0.08983403,0.10211221

0.06896539,0.07271395

0.10736312,0.11204027

0.21984695,0.19544491

0.09951337,0.10732046

0.116414905,0.14381388

0.33201176,0.42467362

0.27932867,0.31391433

0.17650148,0.248221

0.13960743,0.17325874

0.1157332,0.16401458

0.091762185,0.09395865

0.090949915,0.12205925

0.19569047,0.20918368

0.23699576,0.32009995

0.15825222,0.17098515

0.2895602,0.36834517

0.21294078,0.19673863

0.31775826,0.5085936

0.4277843,0.44238016

0.3388022,0.36086896

0.38266635,0.35103565

0.6047745,0.75441384

0.6418954,0.54863137

0.50931686,0.56578237

0.36195758,0.6238316

0.58349234,0.6402407

0.39061654,0.41816962

0.23665477,0.26644027

0.17607427,0.21476331

0.34605336,0.42261744

0.48771653,0.6323484

0.36271298,0.39998847

0.28821346,0.33888847

0.43454662,0.6107257

0.37941927,0.3863697

0.24851973,0.26709065

0.23554324,0.28215307

0.31659752,0.32519865

0.21464032,0.20741142

0.17699,0.21100323

0.12926205,0.1475714

0.19061197,0.24625812

0.10582185,0.11208795

0.101534896,0.110426

0.06355094,0.08563106

0.13753898,0.15097623

0.071850084,0.07639755

0.06912171,0.09818113

0.064154126,0.07012446

0.120053746,0.15288748

0.0961986,0.08412826

0.06912393,0.05643497

0.080225825,0.101802126

0.145711,0.15353674

0.11199585,0.13602641

0.09349155,0.10065094

0.096664235,0.12731993

0.1880498,0.19424084

0.1529125,0.15100469

0.09982681,0.1322178

0.1244227,0.14711876

0.16697487,0.18180212

0.1366598,0.1506566

0.13358214,0.16609658

0.19327831,0.22622795

0.29801595,0.3359447

0.20452262,0.21191226

0.22886804,0.22340174

0.25244173,0.24112722

0.38440895,0.45477977

0.15307239,0.15288676

0.13883838,0.18467727

0.14313178,0.1736598

0.2201972,0.24858515

0.13007729,0.15859136

0.10064127,0.12861268

0.07235768,0.08989076

0.1412756,0.16633111

0.14922163,0.14507917

0.11028411,0.16189039

0.08662948,0.11243639

0.15390411,0.18735558

0.20247637,0.19514357

0.072480746,0.12968121

0.044379167,0.044436898

0.098539844,0.114955604

0.086162634,0.08605161

0.08293466,0.12409507

0.13247192,0.14138924

0.20430857,0.25589353

0.067302525,0.07639747

0.047824424,0.05547919

0.05813661,0.06463852

0.14733858,0.15643354

0.108684726,0.10572887

0.056244787,0.054728664

0.060026318,0.070940696

0.1673471,0.18129507

0.097775675,0.10642165

0.11095836,0.14358649

0.121616505,0.14569901

0.14697854,0.17889701

0.10285739,0.10732049

0.08640255,0.11787293

0.17646801,0.20429243

0.23646863,0.31286618

0.30136248,0.2954259

0.1943718,0.2082709

0.12135551,0.13457604

0.24841195,0.24875079

0.15113355,0.16024116

0.2016314,0.21628922

0.31691763,0.3589489

0.4136671,0.37995362

0.22951108,0.2297913

0.15240076,0.19838175

0.13814816,0.16117951

0.31165203,0.25788483

0.41612047,0.3892895

0.5012362,0.4880303

0.37637982,0.36971048

0.6045511,0.61814463

0.65357774,0.6382425

0.51670676,0.50922656

0.5161523,0.52351534

0.9711477,0.96241784

0.80634445,0.77073556

0.55817753,0.6178973

0.44047388,0.44190073

0.94713616,0.98681194

0.6127744,0.60083014

0.30143163,0.30411214

0.18322766,0.28944668

0.6141733,0.60920835

0.43625194,0.4165166

0.34152058,0.41917935

0.2384013,0.30827874

0.5092007,0.6531393

0.37175596,0.49794835

0.2727793,0.35181072

0.23493543,0.25872263

0.55917233,0.58136433

0.6730261,0.7512324

0.47303593,0.49867764

0.1550632,0.18039937

0.44369742,0.54524595
